{
    "columns": [
        {
            "data_type": [
                {
                    "count": 3297001, 
                    "max_value": 19886819, 
                    "min_value": 2873187, 
                    "stddev": 1564521.4052528, 
                    "type": "INTEGER", 
                    "mean": 17201033.547563378
                }
            ], 
            "number_empty_cells": 0, 
            "number_non_empty_cells": 3297001, 
            "frequent_values": [
                16785404, 
                14805362, 
                15092102, 
                15096196, 
                19296641
            ], 
            "number_distinct_values": 3297001, 
            "column_name": "ProblemID"
        }, 
        {
            "data_type": [
                {
                    "count": 3297001, 
                    "max_value": 9719472, 
                    "min_value": 0, 
                    "stddev": 810582.8123253917, 
                    "type": "INTEGER", 
                    "mean": 8347129.9338571625
                }
            ], 
            "number_empty_cells": 0, 
            "number_non_empty_cells": 3297001, 
            "frequent_values": [
                7851275, 
                7850910, 
                8041749, 
                7919951, 
                8684957
            ], 
            "number_distinct_values": 1813975, 
            "column_name": "ComplaintID"
        }, 
        {
            "data_type": [
                {
                    "count": 3297001, 
                    "max_value": 93, 
                    "min_value": 20, 
                    "stddev": 16.250803017441935, 
                    "type": "INTEGER", 
                    "mean": 87.4193177375439
                }
            ], 
            "number_empty_cells": 0, 
            "number_non_empty_cells": 3297001, 
            "frequent_values": [
                91, 
                92, 
                93, 
                20, 
                29
            ], 
            "number_distinct_values": 6, 
            "column_name": "UnitTypeID"
        }, 
        {
            "data_type": [
                {
                    "count": 3297001, 
                    "shortest_values": [
                        "BUILDING", 
                        "APARTMENT", 
                        "BUILDING-W", 
                        "PUBLIC PAR", 
                        "PUBLIC ARE"
                    ], 
                    "average_length": 9.24945943298167, 
                    "type": "TEXT", 
                    "longest_values": [
                        "PUBLIC ARE", 
                        "PUBLIC PAR", 
                        "BUILDING-W", 
                        "APARTMENT", 
                        "BUILDING"
                    ]
                }
            ], 
            "number_empty_cells": 0, 
            "number_non_empty_cells": 3297001, 
            "frequent_values": [
                "APARTMENT", 
                "BUILDING-W", 
                "PUBLIC ARE", 
                "BUILDING", 
                "PUBLIC PAR"
            ], 
            "number_distinct_values": 5, 
            "column_name": "UnitType"
        }, 
        {
            "data_type": [
                {
                    "count": 3297001, 
                    "max_value": 588, 
                    "min_value": 43, 
                    "stddev": 109.51466866442038, 
                    "type": "INTEGER", 
                    "mean": 519.6037787067702
                }
            ], 
            "number_empty_cells": 0, 
            "number_non_empty_cells": 3297001, 
            "frequent_values": [
                543, 
                550, 
                541, 
                546, 
                542
            ], 
            "number_distinct_values": 64, 
            "column_name": "SpaceTypeID "
        }, 
        {
            "data_type": [
                {
                    "count": 3297001, 
                    "shortest_values": [
                        "ROOF", 
                        "ROOM", 
                        "YARD", 
                        "LOBBY", 
                        "OTHER"
                    ], 
                    "average_length": 11.93611193930484, 
                    "type": "TEXT", 
                    "longest_values": [
                        "PUBLIC HALL BULKHEAD", 
                        "FIRE EXIT/PASSAGEWAY", 
                        "FIRE ESCAPE/EGRESS", 
                        "PUBLIC HALL STAIRS", 
                        "FIRE STAIRS/TOWER"
                    ]
                }
            ], 
            "number_empty_cells": 0, 
            "number_non_empty_cells": 3297001, 
            "frequent_values": [
                "ENTIRE APARTMENT", 
                "BUILDING-WIDE", 
                "BATHROOM", 
                "KITCHEN", 
                "BEDROOM"
            ], 
            "number_distinct_values": 49, 
            "column_name": "SpaceType"
        }, 
        {
            "data_type": [
                {
                    "count": 3297001, 
                    "max_value": 9, 
                    "min_value": 1, 
                    "stddev": 1.0326830840473626, 
                    "type": "INTEGER", 
                    "mean": 1.799690991904461
                }
            ], 
            "number_empty_cells": 0, 
            "number_non_empty_cells": 3297001, 
            "frequent_values": [
                1, 
                3, 
                4, 
                9, 
                2
            ], 
            "number_distinct_values": 5, 
            "column_name": "TypeID"
        }, 
        {
            "data_type": [
                {
                    "count": 3297001, 
                    "shortest_values": [
                        "EMERGENCY", 
                        "HAZARDOUS", 
                        "NON EMERGENCY", 
                        "IMMEDIATE EMERGENCY"
                    ], 
                    "average_length": 10.741118671180264, 
                    "type": "TEXT", 
                    "longest_values": [
                        "IMMEDIATE EMERGENCY", 
                        "NON EMERGENCY", 
                        "HAZARDOUS", 
                        "EMERGENCY"
                    ]
                }
            ], 
            "number_empty_cells": 0, 
            "number_non_empty_cells": 3297001, 
            "frequent_values": [
                "EMERGENCY", 
                "NON EMERGENCY", 
                "IMMEDIATE EMERGENCY", 
                "HAZARDOUS"
            ], 
            "number_distinct_values": 4, 
            "column_name": "Type"
        }, 
        {
            "data_type": [
                {
                    "count": 3297001, 
                    "max_value": 65, 
                    "min_value": 8, 
                    "stddev": 21.39212882244204, 
                    "type": "INTEGER", 
                    "mean": 45.75423240696621
                }
            ], 
            "number_empty_cells": 0, 
            "number_non_empty_cells": 3297001, 
            "frequent_values": [
                59, 
                63, 
                28, 
                9, 
                56
            ], 
            "number_distinct_values": 16, 
            "column_name": "MajorCategoryID"
        }, 
        {
            "data_type": [
                {
                    "count": 3297001, 
                    "shortest_values": [
                        "SAFETY", 
                        "GENERAL", 
                        "HEATING", 
                        "PLUMBING", 
                        "ELECTRIC"
                    ], 
                    "average_length": 12.83119871665189, 
                    "type": "TEXT",