{
    "dataset_name": "q39e-7gbs",
    "columns": [
        {
            "column_name": "BBL",
            "number_non_empty_cells": 4081,
            "number_empty_cells": 4081,
            "number_distinct_values": 3875,
            "frequent_values": [
                4070210001,
                1014800001,
                4059000002,
                1005500013,
                5005930500
            ],
            "data_types": [
                {
                    "type": "INTEGER",
                    "count": 4081,
                    "max_value": 5080080134,
                    "min_value": 1000050010,
                    "mean": 2157780395.335457,
                    "stddev": 1330887514.4237921
                }
            ]
        },
        {
            "column_name": "Street Number",
            "number_non_empty_cells": 4033,
            "number_empty_cells": 4033,
            "number_distinct_values": 1887,
            "frequent_values": [
                "1",
                "    8150A",
                "100",
                "15",
                "300"
            ],
            "data_types": [
                {
                    "type": "INTEGER",
                    "count": 3291,
                    "max_value": 12048,
                    "min_value": 1,
                    "mean": 762.2616226071103,
                    "stddev": 1267.598701429108
                },
                {
                    "type": "TEXT",
                    "count": 742,
                    "shortest_values": [
                        "1 1/2",
                        "   182-20",
                        "   180-05",
                        "   184-10",
                        "   184-60"
                    ],
                    "longest_values": [
                        "    59-10",
                        "    37-10",
                        "    72-50",
                        "    69-95",
                        "    59-40"
                    ],
                    "average_length": 8.946091644204852
                }
            ]
        },
        {
            "column_name": "Street Name",
            "number_non_empty_cells": 4081,
            "number_empty_cells": 4081,
            "number_distinct_values": 1537,
            "frequent_values": [
                "BROADWAY",
                "   5 AVENUE",
                "MADISON AVENUE",
                "   3 AVENUE",
                "AVENUE OF THE AMER"
            ],
            "data_types": [
                {
                    "type": "TEXT",
                    "count": 4081,
                    "shortest_values": [
                        "BOWERY",
                        "AVENUE U",
                        "BROADWAY",
                        "AVENUE D",
                        "PARK ROW"
                    ],
                    "longest_values": [
                        "CROPSEY AVENUE      ",
                        "ADAMS STREET        ",
                        "DR KAZIMIROFF BLVD  ",
                        "HUDSON STREET       ",
                        "WEST   51 STREET    "
                    ],
                    "average_length": 16.152413624111738
                }
            ]
        },
        {
            "column_name": "Borough",
            "number_non_empty_cells": 4081,
            "number_empty_cells": 4081,
            "number_distinct_values": 9,
            "frequent_values": [
                "MANHATTAN",
                "QUEENS              ",
                "BROOKLYN",
                "QUEENS",
                "BROOKLYN            "
            ],
            "data_types": [
                {
                    "type": "TEXT",
                    "count": 4081,
                    "shortest_values": [
                        "BRONX",
                        "QUEENS",
                        "BROOKLYN",
                        "MANHATTAN",
                        "STATEN ISLAND"
                    ],
                    "longest_values": [
                        "STATEN ISLAND       ",
                        "QUEENS              ",
                        "BROOKLYN            ",
                        "BRONX               ",
                        "STATEN ISLAND"
                    ],
                    "average_length": 11.166870864984073
                }
            ]
        },
        {
            "column_name": "Postcode",
            "number_non_empty_cells": 4081,
            "number_empty_cells": 4081,
            "number_distinct_values": 177,
            "frequent_values": [
                10001,
                10018,
                11101,
                10019,
                10036
            ],
            "data_types": [
                {
                    "type": "INTEGER",
                    "count": 4081,
                    "max_value": 11695,
                    "min_value": 0,
                    "mean": 10438.736339132565,
                    "stddev": 1068.541088083446
                }
            ]
        },
        {
            "column_name": "Benchmarking Submission",
            "number_non_empty_cells": 4081,
            "number_empty_cells": 4081,
            "number_distinct_values": 2,
            "frequent_values": [
                "Yes",
                "No DOF Record as of 08/01/12"
            ],
            "data_types": [
                {
                    "type": "TEXT",
                    "count": 4081,
                    "shortest_values": [
                        "Yes",
                        "No DOF Record as of 08/01/12"
                    ],
                    "longest_values": [
                        "No DOF Record as of 08/01/12",
                        "Yes"
                    ],
                    "average_length": 12.403332516540063
                }
            ]
        },
        {
            "column_name": "Entry Number",
            "number_non_empty_cells": 2546,
            "number_empty_cells": 2546,
            "number_distinct_values": 2512,
            "frequent_values": [
                1203.0,
                2058.0,
                1914.0,
                1465.0,
                171.0
            ],
            "data_types": [
                {
                    "type": "INTEGER",
                    "count": 2546,
                    "max_value": 2650,
                    "min_value": 1,
                    "mean": 1265.1036920659858,
                    "stddev": 738.3395674218054
                }
            ]
        },
        {
            "column_name": "Site EUI",
            "number_non_empty_cells": 2319,
            "number_empty_cells": 2319,
            "number_distinct_values": 1307,
            "frequent_values": [
                0.0,
                65.9,
                293.2,
                25.4,
                237.6
            ],
            "data_types": [
                {
                    "type": "INTEGER",
                    "count": 2319,
                    "max_value": 160180,
                    "min_value": 0,
                    "mean": 625.9827511858559,
                    "stddev": 6992.74430892108
                }
            ]
        },
        {
            "column_name": "Weather Normalized Source EUI",
            "number_non_empty_cells": 2319,
            "number_empty_cells": 2319,
            "number_distinct_values": 1688,
            "frequent_values": [
                0.0,
                220.2,
                239.4,
                84.8,
                477.7
            ],
            "data_types": [
                {
                    "type": "INTEGER",
                    "count": 2319,
                    "max_value": 202162,
                    "min_value": 0,
                    "mean": 868.2151789564467,
                    "stddev": 8536.685441071619
                }
            ]
        },
        {
            "column_name": "Water per Square Foot",