{
    "dataset_name": "46g3-savk",
    "columns": [
        {
            "column_name": "School",
            "number_non_empty_cells": 561699,
            "number_empty_cells": 0,
            "number_distinct_values": 1639,
            "frequent_values": [
                "12X372",
                "27Q323",
                "28Q680",
                "09X505",
                "12X271"
            ],
            "data_types": [
                {
                    "type": "TEXT",
                    "count": 561699,
                    "shortest_values": [
                        "01M015",
                        "22K269",
                        "22K255",
                        "22K254",
                        "22K251"
                    ],
                    "longest_values": [
                        "79X695",
                        "10X396",
                        "10X351",
                        "10X353",
                        "10X360"
                    ],
                    "average_length": 6.0
                }
            ]
        },
        {
            "column_name": "Date",
            "number_non_empty_cells": 561699,
            "number_empty_cells": 0,
            "number_distinct_values": 362,
            "frequent_values": [
                "20150909",
                "20150910",
                "20150917",
                "20160316",
                "20150921"
            ],
            "data_types": [
                {
                    "type": "INTEGER",
                    "count": 561699,
                    "max_value": 20170628,
                    "min_value": 20150908,
                    "mean": 20161700.4879909,
                    "stddev": 6711.726912114722
                }
            ]
        },
        {
            "column_name": "SchoolYear",
            "number_non_empty_cells": 561699,
            "number_empty_cells": 0,
            "number_distinct_values": 2,
            "frequent_values": [
                "20152016",
                "20162017"
            ],
            "data_types": [
                {
                    "type": "INTEGER",
                    "count": 561699,
                    "max_value": 20162017,
                    "min_value": 20152016,
                    "mean": 20156962.916124117,
                    "stddev": 5000.212897273921
                }
            ]
        },
        {
            "column_name": "Enrolled",
            "number_non_empty_cells": 561699,
            "number_empty_cells": 0,
            "number_distinct_values": 3755,
            "frequent_values": [
                "312",
                "495",
                "493",
                "373",
                "391"
            ],
            "data_types": [
                {
                    "type": "INTEGER",
                    "count": 561699,
                    "max_value": 5676,
                    "min_value": 1,
                    "mean": 601.7434675867324,
                    "stddev": 485.8276728111806
                }
            ]
        },
        {
            "column_name": "Present",
            "number_non_empty_cells": 561699,
            "number_empty_cells": 0,
            "number_distinct_values": 4134,
            "frequent_values": [
                "375",
                "283",
                "373",
                "376",
                "377"
            ],
            "data_types": [
                {
                    "type": "INTEGER",
                    "count": 561699,
                    "max_value": 5607,
                    "min_value": 1,
                    "mean": 549.2261798578954,
                    "stddev": 456.70733410121613
                }
            ]
        },
        {
            "column_name": "Absent",
            "number_non_empty_cells": 561699,
            "number_empty_cells": 0,
            "number_distinct_values": 946,
            "frequent_values": [
                "24",
                "20",
                "22",
                "19",
                "21"
            ],
            "data_types": [
                {
                    "type": "INTEGER",
                    "count": 561699,
                    "max_value": 3332,
                    "min_value": 0,
                    "mean": 49.96610818249632,
                    "stddev": 58.567287337179124
                }
            ]
        },
        {
            "column_name": "Released",
            "number_non_empty_cells": 561699,
            "number_empty_cells": 0,
            "number_distinct_values": 646,
            "frequent_values": [
                "0",
                "1",
                "2",
                "3",
                "4"
            ],
            "data_types": [
                {
                    "type": "INTEGER",
                    "count": 561699,
                    "max_value": 3777,
                    "min_value": 0,
                    "mean": 2.5511795463406557,
                    "stddev": 30.38869354356388
                }
            ]
        }
    ],
    "key_column_candidates": [
        "School",
        "Date"
    ]
}