{
    "dataset_name": "6z8x-wfk4",
    "columns": [
        {
            "column_name": "COURT_INDEX_NUMBER",
            "number_non_empty_cells": 59210,
            "number_empty_cells": 0,
            "number_distinct_values": 55205,
            "frequent_values": [
                "7997/18",
                "67381/17",
                "58128/16",
                "60936/17",
                "61111/18"
            ],
            "data_types": [
                {
                    "type": "INTEGER",
                    "count": 88,
                    "max_value": 811471,
                    "min_value": 52108,
                    "mean": 119179.47727272728,
                    "stddev": 169296.94421415136
                },
                {
                    "type": "TEXT",
                    "count": 59122,
                    "shortest_values": [
                        "57/18",
                        "4/17B",
                        "10/17",
                        "48/18",
                        "30/18"
                    ],
                    "longest_values": [
                        "811854/2015",
                        "802938/2017",
                        "804241/2017",
                        "811575/2017",
                        "104533/2014"
                    ],
                    "average_length": 8.443946415885796
                }
            ]
        },
        {
            "column_name": "DOCKET_NUMBER",
            "number_non_empty_cells": 59210,
            "number_empty_cells": 0,
            "number_distinct_values": 54046,
            "frequent_values": [
                "076551",
                "077292",
                "076495",
                "093406",
                "20073"
            ],
            "data_types": [
                {
                    "type": "INTEGER",
                    "count": 59210,
                    "max_value": 493400,
                    "min_value": 103,
                    "mean": 155122.82193886169,
                    "stddev": 149442.55780837606
                }
            ]
        },
        {
            "column_name": "EVICTION_ADDRESS",
            "number_non_empty_cells": 59210,
            "number_empty_cells": 0,
            "number_distinct_values": 36745,
            "frequent_values": [
                "541 WEST 29TH STREET",
                "40 RICHMAN PLAZA",
                "20 RICHMAN PLAZA",
                "10 RICHMAN PLAZA",
                "30 RICHMAN PLAZA"
            ],
            "data_types": [
                {
                    "type": "TEXT",
                    "count": 59210,
                    "shortest_values": [
                        "10 AVE D",
                        "99 BOWERY",
                        "108 AVE D",
                        "170 AVE D",
                        "154 AVE D"
                    ],
                    "longest_values": [
                        "1848 SECOND AVENUE FIRST FLOOR EXCLUDING THE BUILDING EXTENSION IN THE REAR OF THE FIRST FLOOR EXECP",
                        "726 LYDIG AVENUE IN THE BUILDING KNOWN AS 724-48 LYDIG AVENUE A/K/A 2128-32 CRUGER AVENUE A/K/A 2127",
                        "555 MADISON AVENUE STORE MEZZANINE PORTION OF THE BASEMENT AND SUB-CELLAR BASEMENT (KNOWN AS ROOM 6/",
                        "949 SOUTHERN BOULEVARD - 2500 SQUARE FEET ON THE GROUND FLOOR AND CERTAIN BASEMENT SPACE CONNECTED T",
                        "129-40 135TH STREET ENTIRE HOUSE PLUS DETACHED GARAGE; CONSISTING OF NINE(9) ROOMS ON THREE(3) FLOOR"
                    ],
                    "average_length": 20.808005404492484
                }
            ]
        },
        {
            "column_name": "EVICTION_APT_NUM",
            "number_non_empty_cells": 49410,
            "number_empty_cells": 9800,
            "number_distinct_values": 6024,
            "frequent_values": [
                "2",
                "1",
                "3",
                "BASEMENT",
                "2F"
            ],
            "data_types": [
                {
                    "type": "INTEGER",
                    "count": 8822,
                    "max_value": 5103,
                    "min_value": 0,
                    "mean": 143.4925187032419,
                    "stddev": 396.74531252029027
                },
                {
                    "type": "REAL",
                    "count": 6,
                    "max_value": 100000.0,
                    "min_value": 1e-07,
                    "mean": 17686.083333416667,
                    "stddev": 36876.426549108226
                },
                {
                    "type": "TEXT",
                    "count": 40582,
                    "shortest_values": [
                        "R",
                        "K",
                        "H",
                        "C",
                        "M"
                    ],
                    "longest_values": [
                        "PORTIONS OF THE GROU",
                        "BEDROOM AT THE END O",
                        "1F (FIRST FLR FRONT)",
                        "SUITE 7, AS SHOWN ON",
                        "FIRST FLOOR,ALL ROOM"
                    ],
                    "average_length": 3.812059533783451
                }
            ]
        },
        {
            "column_name": "EXECUTED_DATE",
            "number_non_empty_cells": 59210,
            "number_empty_cells": 0,
            "number_distinct_values": 672,
            "frequent_values": [
                "01/09/2018",
                "01/18/2017",
                "01/08/2018",
                "01/10/2018",
                "02/14/2017"
            ],
            "data_types": [
                {
                    "type": "DATE/TIME",
                    "count": 59210,
                    "max_value": "2070-03-29 00:00:00",
                    "min_value": "2017-01-03 00:00:00"
                }
            ]
        },
        {
            "column_name": "MARSHAL_FIRST_NAME",
            "number_non_empty_cells": 59210,
            "number_empty_cells": 0,
            "number_distinct_values": 25,
            "frequent_values": [
                "Justin",
                "Henry",
                "Richard",
                "Ileana",
                "Thomas"
            ],
            "data_types": [
                {
                    "type": "TEXT",
                    "count": 59210,
                    "shortest_values": [
                        "Gary",
                        "John",
                        "Frank",
                        "Vadim",
                        "Bruce"
                    ],
                    "longest_values": [
                        "Salavatore",
                        "Richard",
                        "Darlene",
                        "Jeffrey",
                        "Charles"
                    ],
                    "average_length": 5.918932612734335
                }
            ]
        },
        {
            "column_name": "MARSHAL_LAST_NAME",
            "number_non_empty_cells": 59210,
            "number_empty_cells": 0,
            "number_distinct_values": 27,
            "frequent_values": [
                "Grossman",
                "Daley",
                "Rivera",
                "Bia",
                "Weinheim"
            ],
            "data_types": [
                {
                    "type": "TEXT",
                    "count": 59210,
                    "shortest_values": [
                        "Bia",
                        "Kemp",
                        "Rose",
                        "Guida",
                        "Daley"
                    ],
                    "longest_values": [
                        "Barbarovich",
                        "Essock, Jr.",
                        "Marchisotto",
                        "Villanueva",
                        "Giachetta"
                    ],