{
    "dataset_name": "gsgx-6efw",
    "columns": [
        {
            "column_name": "PermitNumber",
            "number_non_empty_cells": 5364702,
            "number_empty_cells": 0,
            "number_distinct_values": 475682,
            "frequent_values": [
                "M012019156A97",
                "M012019063A53",
                "M012019106A98",
                "M012019105D39",
                "M012019120A67"
            ],
            "data_types": [
                {
                    "type": "TEXT",
                    "count": 5364702,
                    "shortest_values": [
                        "B162019243A44",
                        "B162019086A86",
                        "M162019086A66",
                        "M022019086G36",
                        "M022019086G37"
                    ],
                    "longest_values": [
                        "B162019001A00",
                        "B012019165A80",
                        "X022019165B20",
                        "X022019165B21",
                        "X022019165B19"
                    ],
                    "average_length": 13.0
                }
            ]
        },
        {
            "column_name": "StipulationID",
            "number_non_empty_cells": 5364702,
            "number_empty_cells": 0,
            "number_distinct_values": 4807,
            "frequent_values": [
                "038",
                "TMC001",
                "SCHOOL",
                "NOISE1",
                "103"
            ],
            "data_types": [
                {
                    "type": "INTEGER",
                    "count": 2963633,
                    "max_value": 905,
                    "min_value": 0,
                    "mean": 74.38091288631217,
                    "stddev": 87.65209468211333
                },
                {
                    "type": "TEXT",
                    "count": 2401069,
                    "shortest_values": [
                        "ODV",
                        "HTPO",
                        "WAGE",
                        "CPIS",
                        "CARSH"
                    ],
                    "longest_values": [
                        "SEO143",
                        "SET781",
                        "SET910",
                        "SES303",
                        "SES769"
                    ],
                    "average_length": 5.82944763353323
                }
            ]
        },
        {
            "column_name": "StipulationFullText",
            "number_non_empty_cells": 5364702,
            "number_empty_cells": 0,
            "number_distinct_values": 5165,
            "frequent_values": [
                "ALL TEMPORARY TRAFFIC CONTROL DEVICES, INCLUDING BUT NOT LIMITED TO SIGNS, CHANNELIZING DEVICES, FENCING AND MARKINGS SHALL BE PROVIDED, INSTALLED, MAINTAINED AND REMOVED BY THE PERMITTEE IN ACCORDANCE WITH THE MOST RECENT VERSION OF PART 6 OF THE MANUAL ON UNIFORM TRAFFIC CONTROL DEVICES FOR STREETS AND HIGHWAYS (MUTCD). OBTAIN THE MUTCD AT HTTP://MUTCD.FHWA.DOT.GOV .",
                "CONTRACTORS WHO AT ANY TIME DURING THEIR PERMITTED WORK ENCOUNTER TRAFFIC SURVEILLANCE CAMERAS, DETECTION EQUIP OR ANY TYPE OF COMMUNICATION EQUIPMENT (WIRELESS OR HARD-WIRED) ON ANY NYCDOT FACILITY, THAT IS NOT INCLUDED ON THE DESIGN/BUILD DWGS, SHALL IMMEDIATELY NOTIFY NYCDOT TRAFFIC MANAGEMENT AT TMC@DOT.NYC.GOV & 718-433-3390/40 AND AWAIT DIRECTION PRIOR TO CONTINUING WORK",
                "NO WORK TO BE PERFORMED WITHIN BLOCK FRONTING SCHOOL INCLUDING INTERSECTIONS FOR ONE HOUR PRIOR TO SCHOOL START TIME THROUGH ONE HOUR AFTER END OF SCHOOL TIME. PERMITTEE MUST NOTIFY SCHOOL PRINCIPAL IN WRITING 48 HOURS PRIOR TO BEGINNING ANY WORK. THIS STIP VOIDS ANY/ ALL OTHER CONFLICTING STIPS ON THIS PERMIT UNLESS ACCOMPANIED WITH VARIANCE STIP VAR001.",
                "BY SUBMITTING THIS APPLICATION AND/OR RENEWAL REQUEST, THE PERMITTEE CERTIFIES ITS COMPLIANCE WITH ALL APPLICABLE CITYWIDE CONSTRUCTION NOISE MITIGATION REQUIREMENTS INCLUDING, BUT NOT LIMITED TO THE DEVELOPMENT OF A COMPLIANT NOISE MITIGATION OR ALTERNATIVE NOISE MITIGATION PLAN. PLEASE CONTACT THE NYC DEPARTMENT OF ENVIRONMENTAL PROTECTION (WWW.NYC.GOV/HTML/DEP/HTML/NOISE/CONSTRUCTION-NOISE.SHTML) FOR FURTHER INFORMATION.",
                "PARKING OF NON-COMMERCIAL VEHICLES ON THE STREET (ROADWAY AND SIDEWALK) WITHIN WORK ZONES IS PROHIBITED."
            ],
            "data_types": [
                {
                    "type": "TEXT",
                    "count": 5364702,
                    "shortest_values": [
                        "REQUIRES OCMC REVIEW",
                        "OCCUPY ONE 11 FOOT LANE",
                        "OCCUPY TWO 11 FOOT LANES",
                        "OCCUPY THREE 11 FOOT LANES",
                        "WORK 10AM TO 2PM MONDAY-FRIDAY"
                    ],