{
    "dataset_name": "pbk5-6r7z",
    "columns": [
        {
            "column_name": "PermitNumber",
            "number_non_empty_cells": 72064627,
            "number_empty_cells": 0,
            "number_distinct_values": 8432969,
            "frequent_values": [
                "M022014303C54",
                "M022014303C53",
                "M022014268A24",
                "M022014268A25",
                "M022014245C70"
            ],
            "data_types": [
                {
                    "type": "TEXT",
                    "count": 72064627,
                    "shortest_values": [
                        "M022008274115",
                        "S162014118A18",
                        "X012014118032",
                        "X012014118033",
                        "B012014118130"
                    ],
                    "longest_values": [
                        "M022018365G51",
                        "Q012005221067",
                        "Q012011342377",
                        "Q012004300079",
                        "Q022013305295"
                    ],
                    "average_length": 13.0
                }
            ]
        },
        {
            "column_name": "StipulationID",
            "number_non_empty_cells": 72064627,
            "number_empty_cells": 0,
            "number_distinct_values": 38685,
            "frequent_values": [
                "103",
                "038",
                "SCHOOL",
                "NOISE1",
                "091"
            ],
            "data_types": [
                {
                    "type": "INTEGER",
                    "count": 47698883,
                    "max_value": 100001,
                    "min_value": 0,
                    "mean": 73.13384160379604,
                    "stddev": 77.03141484297183
                },
                {
                    "type": "TEXT",
                    "count": 24365744,
                    "shortest_values": [
                        "Q",
                        "`",
                        "B01",
                        "S20",
                        "S22"
                    ],
                    "longest_values": [
                        "SEN685",
                        "S00518",
                        "S00681",
                        "S09924",
                        "S01898"
                    ],
                    "average_length": 5.964503566975012
                }
            ]
        },
        {
            "column_name": "StipulationFullText",
            "number_non_empty_cells": 71880920,
            "number_empty_cells": 183707,
            "number_distinct_values": 39211,
            "frequent_values": [
                "ALL TEMPORARY TRAFFIC CONTROL DEVICES, INCLUDING BUT NOT LIMITED TO SIGNS, CHANNELIZING DEVICES, FENCING AND MARKINGS SHALL BE PROVIDED, INSTALLED, MAINTAINED AND REMOVED BY THE PERMITTEE IN ACCORDANCE WITH THE MOST RECENT VERSION OF PART 6 OF THE MANUAL ON UNIFORM TRAFFIC CONTROL DEVICES FOR STREETS AND HIGHWAYS (MUTCD). OBTAIN THE MUTCD AT HTTP://MUTCD.FHWA.DOT.GOV .",
                "PARKING OF NON-COMMERCIAL VEHICLES ON THE STREET (ROADWAY AND SIDEWALK) WITHIN WORK ZONES IS PROHIBITED.",
                "NO WORK TO BE PERFORMED WITHIN BLOCK FRONTING SCHOOL INCLUDING INTERSECTIONS FOR ONE HOUR PRIOR TO SCHOOL START TIME THROUGH ONE HOUR AFTER END OF SCHOOL TIME. PERMITTEE MUST NOTIFY SCHOOL PRINCIPAL IN WRITING 48 HOURS PRIOR TO BEGINNING ANY WORK. THIS STIP VOIDS ANY/ ALL OTHER CONFLICTING STIPS ON THIS PERMIT UNLESS ACCOMPANIED WITH VARIANCE STIP VAR001.",
                "LOADING AND UNLOADING, STANDING OR PARKING IN A LANE ADJACENT TO THE WORK ZONE IN THE ROADWAY IS PROHIBITED. THIS APPLIES TO PERMITTEES AND ALL OF THEIR SUBCONTRACTORS.",
                "THIS PERMIT ACTIVITY MAY NOT START UNTIL THE PERMITTEE COORDINATES ALL WORK WITH ANY ONGOING CONSTRUCTION & WITH THE PROJECT/RESIDENT ENGINEER FOR ANY ONGOING CAPITAL PROJECTS."
            ],
            "data_types": [
                {
                    "type": "TEXT",
                    "count": 71880920,
                    "shortest_values": [
                        "DENIED",
                        "WORK EMBARGO:",
                        "OCCUPY 1 CURB LANE",
                        "OCCUPY 2 CURB LANES",
                        "REQUIRES OCMC REVIEW"
                    ],