{
    "dataset_name": "wpqj-3buw",
    "columns": [
        {
            "column_name": "School",
            "number_non_empty_cells": 831800,
            "number_empty_cells": 0,
            "number_distinct_values": 1622,
            "frequent_values": [
                "28Q099",
                "15K038",
                "15K029",
                "17K249",
                "10X159"
            ],
            "data_types": [
                {
                    "type": "TEXT",
                    "count": 831800,
                    "shortest_values": [
                        "01M015",
                        "22K139",
                        "22K134",
                        "22K119",
                        "22K109"
                    ],
                    "longest_values": [
                        "79X695",
                        "10X396",
                        "10X342",
                        "10X344",
                        "10X360"
                    ],
                    "average_length": 6.0
                }
            ]
        },
        {
            "column_name": "Date",
            "number_non_empty_cells": 831800,
            "number_empty_cells": 0,
            "number_distinct_values": 550,
            "frequent_values": [
                "20110927",
                "20111122",
                "20120308",
                "20120305",
                "20110913"
            ],
            "data_types": [
                {
                    "type": "INTEGER",
                    "count": 831800,
                    "max_value": 20120627,
                    "min_value": 20090909,
                    "mean": 20106814.87174441,
                    "stddev": 9374.498295698562
                }
            ]
        },
        {
            "column_name": "SchoolYear",
            "number_non_empty_cells": 831800,
            "number_empty_cells": 0,
            "number_distinct_values": 3,
            "frequent_values": [
                "20112012",
                "20102011",
                "20092010"
            ],
            "data_types": [
                {
                    "type": "INTEGER",
                    "count": 831800,
                    "max_value": 20112012,
                    "min_value": 20092010,
                    "mean": 20102124.82479803,
                    "stddev": 8173.964993119546
                }
            ]
        },
        {
            "column_name": "Enrolled",
            "number_non_empty_cells": 831800,
            "number_empty_cells": 0,
            "number_distinct_values": 4418,
            "frequent_values": [
                "387",
                "408",
                "410",
                "388",
                "389"
            ],
            "data_types": [
                {
                    "type": "INTEGER",
                    "count": 831800,
                    "max_value": 5353,
                    "min_value": 1,
                    "mean": 631.5882459725896,
                    "stddev": 519.8172575261747
                }
            ]
        },
        {
            "column_name": "Present",
            "number_non_empty_cells": 831800,
            "number_empty_cells": 0,
            "number_distinct_values": 4493,
            "frequent_values": [
                "372",
                "374",
                "370",
                "366",
                "361"
            ],
            "data_types": [
                {
                    "type": "INTEGER",
                    "count": 831800,
                    "max_value": 5272,
                    "min_value": 1,
                    "mean": 572.1862418850685,
                    "stddev": 474.7302207730411
                }
            ]
        },
        {
            "column_name": "Absent",
            "number_non_empty_cells": 831800,
            "number_empty_cells": 0,
            "number_distinct_values": 1390,
            "frequent_values": [
                "22",
                "24",
                "27",
                "23",
                "25"
            ],
            "data_types": [
                {
                    "type": "INTEGER",
                    "count": 831800,
                    "max_value": 3729,
                    "min_value": 0,
                    "mean": 56.795271699927866,
                    "stddev": 80.56932095235054
                }
            ]
        },
        {
            "column_name": "Released",
            "number_non_empty_cells": 831800,
            "number_empty_cells": 0,
            "number_distinct_values": 811,
            "frequent_values": [
                "0",
                "36",
                "18",
                "1",
                "35"
            ],
            "data_types": [
                {
                    "type": "INTEGER",
                    "count": 831800,
                    "max_value": 5279,
                    "min_value": 0,
                    "mean": 2.6067323875931714,
                    "stddev": 34.1877438230211
                }
            ]
        }
    ],
    "key_column_candidates": [
        "School",
        "Date"
    ]
}