{
    "dataset_name": "9fnm-j6if",
    "columns": [
        {
            "column_name": "PermitNumber",
            "number_non_empty_cells": 10541952,
            "number_empty_cells": 10541952,
            "number_distinct_values": 8967863,
            "frequent_values": [
                "Q011998244039",
                "Q012001081104",
                "Q011998183075",
                "M012001360004",
                "Q012017244A01"
            ],
            "data_types": [
                {
                    "type": "INTEGER",
                    "count": 154,
                    "max_value": 20171128185,
                    "min_value": 201307262,
                    "mean": 9335644566.435064,
                    "stddev": 8998798799.232328
                },
                {
                    "type": "TEXT",
                    "count": 10541798,
                    "shortest_values": [
                        "B012017272A24",
                        "B011994241092",
                        "M011999211011",
                        "M031998104082",
                        "Q012010282032"
                    ],
                    "longest_values": [
                        "B162019228B53",
                        "M022007352007",
                        "M082008317146",
                        "M022007004028",
                        "B012000146029"
                    ],
                    "average_length": 13.0
                }
            ]
        },
        {
            "column_name": "FeeType",
            "number_non_empty_cells": 10541952,
            "number_empty_cells": 10541952,
            "number_distinct_values": 20,
            "frequent_values": [
                "ADMINISTRATION FEE",
                "INSPECTION FEE",
                "EMERGENCY FEE",
                "EXTENSION FEE",
                "TUNNELLING FEE"
            ],
            "data_types": [
                {
                    "type": "TEXT",
                    "count": 10541952,
                    "shortest_values": [
                        "LICENSE FEE",
                        "SEARCHES FEE",
                        "SUBPOENAS FEE",
                        "EMERGENCY FEE",
                        "EXTENSION FEE"
                    ],
                    "longest_values": [
                        "INSPECTION FEE FOR STORAGE OF MATERIAL $30 BASED ON DURATION",
                        "$15 FEE FOR EACH ADDITIONAL TAP CUT AT THE SAME LOCATION.",
                        "MATERIAL STORAGE ON PERMIT SITE $50 FLAT",
                        "**Description not found in MOSAICS**",
                        "RETROACTIVE FEE FOR CANOPY PERMITS"
                    ],
                    "average_length": 17.51365961446229
                }
            ]
        },
        {
            "column_name": "PermitFeeAmountCharged",
            "number_non_empty_cells": 10541952,
            "number_empty_cells": 10541952,
            "number_distinct_values": 2133,
            "frequent_values": [
                135.0,
                50.0,
                30.0,
                245.0,
                45.0
            ],
            "data_types": [
                {
                    "type": "INTEGER",
                    "count": 10541952,
                    "max_value": 8102835,
                    "min_value": -270,
                    "mean": 129.63432787400285,
                    "stddev": 2513.8584098227066
                }
            ]
        },
        {
            "column_name": "CreatedOn",
            "number_non_empty_cells": 10541952,
            "number_empty_cells": 10541952,
            "number_distinct_values": 2255586,
            "frequent_values": [
                "12/14/2013 09:03:08 PM",
                "01/02/2014 03:44:43 PM",
                "12/17/2013 12:02:46 PM",
                "03/20/2014 09:55:11 AM",
                "09/30/2014 03:30:05 AM"
            ],
            "data_types": [
                {
                    "type": "DATE/TIME",
                    "count": 10541952,
                    "max_value": "2019-08-31 00:45:53",
                    "min_value": "2013-07-26 15:38:19"
                }
            ]
        },
        {
            "column_name": "ModifiedOn",
            "number_non_empty_cells": 10541952,
            "number_empty_cells": 10541952,
            "number_distinct_values": 288442,
            "frequent_values": [
                "12/14/2013 09:03:08 PM",
                "06/22/2018 08:16:47 PM",
                "05/20/2018 12:05:42 AM",
                "06/01/2018 09:13:10 AM",
                "01/01/2018 12:05:45 AM"
            ],
            "data_types": [
                {
                    "type": "DATE/TIME",
                    "count": 10541952,
                    "max_value": "2019-09-01 00:06:48",
                    "min_value": "2013-12-14 21:03:08"
                }
            ]
        }
    ],
    "key_column_candidates": []
}