{
    "columns": [
        {
            "data_type": [
                {
                    "count": 1, 
                    "max_value": 10048, 
                    "min_value": 10048, 
                    "stddev": 0.0, 
                    "type": "INTEGER", 
                    "mean": 10048.0
                }, 
                {
                    "count": 101, 
                    "shortest_values": [
                        "10001(40.750259021437, -73.99688630376)", 
                        "10003(40.731943947555, -73.98887214913)", 
                        "10022(40.758630224006, -73.96809182218)", 
                        "10017(40.752456527447, -73.97297648088)", 
                        "10011(40.744715266696, -74.00460000029)"
                    ], 
                    "average_length": 39.722772277227726, 
                    "type": "TEXT", 
                    "longest_values": [
                        "10026(40.803058121635, -73.953342776048)", 
                        "10025(40.796850127631, -73.963725810598)", 
                        "10013(40.721242188776, -74.008889000227)", 
                        "10007(40.713630519433, -74.009131383706)", 
                        "10021(40.769205327664, -73.959183941086)"
                    ]
                }
            ], 
            "number_empty_cells": 0, 
            "number_non_empty_cells": 102, 
            "frequent_values": [
                "10017(40.752456527447, -73.97297648088)", 
                "10019(40.76761164716, -73.991805500224)", 
                "10022(40.758630224006, -73.96809182218)", 
                "10001(40.750259021437, -73.99688630376)", 
                "10009(40.726649358981, -73.979111485007)"
            ], 
            "number_distinct_values": 33, 
            "column_name": "ZIP"
        }, 
        {
            "data_type": [
                {
                    "count": 102, 
                    "shortest_values": [
                        "Commercial", 
                        "Large Residential"
                    ], 
                    "average_length": 12.058823529411764, 
                    "type": "TEXT", 
                    "longest_values": [
                        "Large Residential", 
                        "Commercial"
                    ]
                }
            ], 
            "number_empty_cells": 0, 
            "number_non_empty_cells": 102, 
            "frequent_values": [
                "Commercial", 
                "Large Residential"
            ], 
            "number_distinct_values": 2, 
            "column_name": "Building type (service class)"
        }, 
        {
            "data_type": [
                {
                    "count": 102, 
                    "max_value": 6839913, 
                    "min_value": 227, 
                    "stddev": 731475.5364742024, 
                    "type": "INTEGER", 
                    "mean": 228457.33333333334
                }
            ], 
            "number_empty_cells": 0, 
            "number_non_empty_cells": 102, 
            "frequent_values": [
                862, 
                117350, 
                338, 
                14682, 
                21594
            ], 
            "number_distinct_values": 102, 
            "column_name": " Consumption (mlbs) "
        }, 
        {
            "data_type": [
                {
                    "count": 102, 
                    "max_value": 3102533, 
                    "min_value": 103, 
                    "stddev": 331791.77299601305, 
                    "type": "INTEGER", 
                    "mean": 103626.48039215687
                }
            ], 
            "number_empty_cells": 0, 
            "number_non_empty_cells": 102, 
            "frequent_values": [
                11007, 
                36898, 
                42549, 
                26679, 
                3642
            ], 
            "number_distinct_values": 102, 
            "column_name": " Consumption (Mg) "
        }, 
        {
            "data_type": [
                {
                    "count": 102, 
                    "shortest_values": [
                        "ConEd"
                    ], 
                    "average_length": 5.0, 
                    "type": "TEXT", 
                    "longest_values": [
                        "ConEd"
                    ]
                }
            ], 
            "number_empty_cells": 0, 
            "number_non_empty_cells": 102, 
            "frequent_values": [
                "ConEd"
            ], 
            "number_distinct_values": 1, 
            "column_name": "Utility/Data Source"
        }
    ], 
    "dataset_name": "2pmt-skyq", 
    "key_column_candidates": []
}