{
    "columns": [
        {
            "data_type": [
                {
                    "count": 561699, 
                    "shortest_values": [
                        "01M015", 
                        "22K269", 
                        "22K255", 
                        "22K254", 
                        "22K251"
                    ], 
                    "average_length": 6.0, 
                    "type": "TEXT", 
                    "longest_values": [
                        "79X695", 
                        "10X396", 
                        "10X351", 
                        "10X353", 
                        "10X360"
                    ]
                }
            ], 
            "number_empty_cells": 0, 
            "number_non_empty_cells": 561699, 
            "frequent_values": [
                "12X372", 
                "27Q323", 
                "28Q680", 
                "09X505", 
                "12X271"
            ], 
            "number_distinct_values": 1639, 
            "column_name": "School"
        }, 
        {
            "data_type": [
                {
                    "count": 561699, 
                    "max_value": 20170628, 
                    "min_value": 20150908, 
                    "stddev": 6711.726912114722, 
                    "type": "INTEGER", 
                    "mean": 20161700.4879909
                }
            ], 
            "number_empty_cells": 0, 
            "number_non_empty_cells": 561699, 
            "frequent_values": [
                20150909, 
                20150910, 
                20150917, 
                20151001, 
                20151006
            ], 
            "number_distinct_values": 362, 
            "column_name": "Date"
        }, 
        {
            "data_type": [
                {
                    "count": 561699, 
                    "max_value": 20162017, 
                    "min_value": 20152016, 
                    "stddev": 5000.212897273921, 
                    "type": "INTEGER", 
                    "mean": 20156962.916124117
                }
            ], 
            "number_empty_cells": 0, 
            "number_non_empty_cells": 561699, 
            "frequent_values": [
                20152016, 
                20162017
            ], 
            "number_distinct_values": 2, 
            "column_name": "SchoolYear"
        }, 
        {
            "data_type": [
                {
                    "count": 561699, 
                    "max_value": 5676, 
                    "min_value": 1, 
                    "stddev": 485.8276728111806, 
                    "type": "INTEGER", 
                    "mean": 601.7434675867324
                }
            ], 
            "number_empty_cells": 0, 
            "number_non_empty_cells": 561699, 
            "frequent_values": [
                312, 
                495, 
                493, 
                373, 
                391
            ], 
            "number_distinct_values": 3755, 
            "column_name": "Enrolled"
        }, 
        {
            "data_type": [
                {
                    "count": 561699, 
                    "max_value": 5607, 
                    "min_value": 1, 
                    "stddev": 456.70733410121613, 
                    "type": "INTEGER", 
                    "mean": 549.2261798578954
                }
            ], 
            "number_empty_cells": 0, 
            "number_non_empty_cells": 561699, 
            "frequent_values": [
                375, 
                283, 
                373, 
                376, 
                377
            ], 
            "number_distinct_values": 4134, 
            "column_name": "Present"
        }, 
        {
            "data_type": [
                {
                    "count": 561699, 
                    "max_value": 3332, 
                    "min_value": 0, 
                    "stddev": 58.567287337179124, 
                    "type": "INTEGER", 
                    "mean": 49.96610818249632
                }
            ], 
            "number_empty_cells": 0, 
            "number_non_empty_cells": 561699, 
            "frequent_values": [
                24, 
                20, 
                22, 
                19, 
                21
            ], 
            "number_distinct_values": 946, 
            "column_name": "Absent"
        }, 
        {
            "data_type": [
                {
                    "count": 561699, 
                    "max_value": 3777, 
                    "min_value": 0, 
                    "stddev": 30.38869354356388, 
                    "type": "INTEGER", 
                    "mean": 2.5511795463406557
                }
            ], 
            "number_empty_cells": 0, 
            "number_non_empty_cells": 561699, 
            "frequent_values": [
                0, 
                1, 
                2, 
                3, 
                4
            ], 
            "number_distinct_values": 646, 
            "column_name": "Released"
        }
    ], 
    "dataset_name": "46g3-savk", 
    "key_column_candidates": []
}