{
    "columns": [
        {
            "data_type": [
                {
                    "count": 251, 
                    "shortest_values": [
                        "BRONX, NY\n(40.825576999979, -73.918448999722)", 
                        "QUEENS, NY\n(40.749436300045, -73.797299799846)", 
                        "BROOKLYN, NY\n(42.433188999772, -78.748646000413)", 
                        "MANHATTAN, NY\n(40.749883999647, -73.987976999939)", 
                        "STATEN ISLAND, NY\n(40.606674000105, -74.162401000006)"
                    ], 
                    "average_length": 48.07569721115538, 
                    "type": "TEXT", 
                    "longest_values": [
                        "STATEN ISLAND, NY\n(40.606674000105, -74.162401000006)", 
                        "MANHATTAN, NY\n(40.749883999647, -73.987976999939)", 
                        "BROOKLYN, NY\n(42.433188999772, -78.748646000413)", 
                        "QUEENS, NY\n(40.749436300045, -73.797299799846)", 
                        "BRONX, NY\n(40.825576999979, -73.918448999722)"
                    ]
                }
            ], 
            "number_empty_cells": 0, 
            "number_non_empty_cells": 251, 
            "frequent_values": [
                "BROOKLYN, NY\n(42.433188999772, -78.748646000413)", 
                "QUEENS, NY\n(40.749436300045, -73.797299799846)", 
                "MANHATTAN, NY\n(40.749883999647, -73.987976999939)", 
                "BRONX, NY\n(40.825576999979, -73.918448999722)", 
                "STATEN ISLAND, NY\n(40.606674000105, -74.162401000006)"
            ], 
            "number_distinct_values": 5, 
            "column_name": "BOROUGH"
        }, 
        {
            "data_type": [
                {
                    "count": 251, 
                    "shortest_values": [
                        "GENERAL EDUCATION", 
                        "GENERAL EDUCATION ", 
                        "GIFTED & TALENTED    ", 
                        "SPECIAL CLASS - Grades K-9#", 
                        "SPECIAL CLASS - High School"
                    ], 
                    "average_length": 22.111553784860558, 
                    "type": "TEXT", 
                    "longest_values": [
                        "COLLABORATIVE TEAM TEACHING    ", 
                        "SPECIAL CLASS - High School", 
                        "SPECIAL CLASS - Grades K-9#", 
                        "GIFTED & TALENTED    ", 
                        "GENERAL EDUCATION "
                    ]
                }
            ], 
            "number_empty_cells": 0, 
            "number_non_empty_cells": 251, 
            "frequent_values": [
                "GENERAL EDUCATION", 
                "GENERAL EDUCATION ", 
                "COLLABORATIVE TEAM TEACHING    ", 
                "SPECIAL CLASS - High School", 
                "GIFTED & TALENTED    "
            ], 
            "number_distinct_values": 6, 
            "column_name": "PROGRAM"
        }, 
        {
            "data_type": [
                {
                    "count": 186, 
                    "max_value": 12, 
                    "min_value": 1, 
                    "stddev": 3.4973562517324384, 
                    "type": "INTEGER", 
                    "mean": 7.102150537634409
                }, 
                {
                    "count": 65, 
                    "shortest_values": [
                        "Mainstream", 
                        "Self-Contained", 
                        "09#           ", 
                        "12:1           ", 
                        "12:1:1         "
                    ], 
                    "average_length": 15.123076923076923, 
                    "type": "TEXT", 
                    "longest_values": [
                        "Kindergarten             ", 
                        "12:1:1         ", 
                        "12:1           ", 
                        "09#           ", 
                        "Self-Contained"
                    ]
                }
            ], 
            "number_empty_cells": 0, 
            "number_non_empty_cells": 251, 
            "frequent_values": [
                "11", 
                "9", 
                "10", 
                "12", 
                "Mainstream"
            ], 
            "number_distinct_values": 18, 
            "column_name": "GRADE OR SERVICE CATEGORY##"
        }, 
        {
            "data_type": [
                {
                    "count": 120, 
                    "shortest_values": [
                        "SCIENCE", 
                        "ENGLISH", 
                        "MATH   ", 
                        "SOCIAL STUDIES"
                    ], 
                    "average_length": 8.75, 
                    "type": "TEXT", 
                    "longest_values": [
                        "SOCIAL STUDIES", 
                        "MATH   ", 
                        "ENGLISH", 
                        "SCIENCE"
                    ]
                }
            ], 
            "number_empty_cells": 131, 
            "number_non_empty_cells": 120, 
            "frequent_values": [
                "SCIENCE", 
                "SOCIAL STUDIES", 
                "ENGLISH", 
                "MATH   "
            ], 
            "number_distinct_values": 4, 
            "column_name": "CORE COURSE(High Schools only)"
        }, 
        {
            "data_type": [
                {
                    "count": 251, 
                    "max_value": 30, 
                    "min_value": 9, 
                    "stddev": 5.309748157980988, 
                    "type": "INTEGER", 
                    "mean": 23.593625498007967
                }
            ], 
            "number_empty_cells": 0, 
            "number_non_empty_cells": 251, 
            "frequent_values": [
                28.2, 
                29.9, 
                26.6, 
                25.2, 
                29.8
            ], 
            "number_distinct_values": 122, 
            "column_name": "AVERAGE CLASS SIZE"
        }
    ], 
    "dataset_name": "4g4r-7dfb", 
    "key_column_candidates": []
}