{
    "columns": [
        {
            "data_type": [
                {
                    "count": 11926, 
                    "shortest_values": [
                        "5010-2017-AGVW", 
                        "5009-2017-AGVW", 
                        "28214-2016-AGVW", 
                        "23178-2016-AGVW", 
                        "23179-2016-AGVW"
                    ], 
                    "average_length": 14.999832299178266, 
                    "type": "TEXT", 
                    "longest_values": [
                        "20919-2016-AGVW", 
                        "18649-2016-AGVW", 
                        "18658-2016-AGVW", 
                        "18657-2016-AGVW", 
                        "18656-2016-AGVW"
                    ]
                }
            ], 
            "number_empty_cells": 0, 
            "number_non_empty_cells": 11926, 
            "frequent_values": [
                "19880-2016-AGVW", 
                "14845-2016-AGVW", 
                "25832-2016-AGVW", 
                "25711-2016-AGVW", 
                "15342-2016-AGVW"
            ], 
            "number_distinct_values": 11926, 
            "column_name": "Waiting List Application ID"
        }, 
        {
            "data_type": [
                {
                    "count": 11926, 
                    "max_value": 11926, 
                    "min_value": 1, 
                    "stddev": 3442.739643074974, 
                    "type": "INTEGER", 
                    "mean": 5963.5
                }
            ], 
            "number_empty_cells": 0, 
            "number_non_empty_cells": 11926, 
            "frequent_values": [
                2047, 
                5416, 
                3379, 
                1330, 
                7473
            ], 
            "number_distinct_values": 11926, 
            "column_name": "Application Order Number"
        }, 
        {
            "data_type": [
                {
                    "count": 11740, 
                    "max_value": 11733, 
                    "min_value": 1, 
                    "stddev": 3387.0590769655205, 
                    "type": "INTEGER", 
                    "mean": 5867.458347529812
                }
            ], 
            "number_empty_cells": 186, 
            "number_non_empty_cells": 11740, 
            "frequent_values": [
                9723.0, 
                1793.0, 
                2989.0, 
                9185.0, 
                2358.0
            ], 
            "number_distinct_values": 11740, 
            "column_name": "Priority Number"
        }, 
        {
            "data_type": [
                {
                    "count": 11922, 
                    "shortest_values": [
                        "LI YU", 
                        "LE TO", 
                        "OI LI", 
                        "YI DU", 
                        "LI WU"
                    ], 
                    "average_length": 12.615500754906895, 
                    "type": "TEXT", 
                    "longest_values": [
                        "MARIANITA DE JESUS SISALIMA DE TENESACA", 
                        "MOULAY TAIB EL BORKI EL IDRISSI", 
                        "LUIS HUMBERTO AMAGUANA COTACAHI", 
                        "MOHAMMAD JAKIR HOSSAIN MAZUMDER", 
                        "JESUS DEL CARMEN ROMERO CABRERA"
                    ]
                }
            ], 
            "number_empty_cells": 4, 
            "number_non_empty_cells": 11922, 
            "frequent_values": [
                "MAMADOU DIALLO", 
                "MAMADOU BARRY", 
                "IBRAHIMA DIALLO", 
                "AMADOU DIALLO", 
                "FATOUMATA DIALLO"
            ], 
            "number_distinct_values": 10399, 
            "column_name": "Applicant Name"
        }, 
        {
            "data_type": [
                {
                    "count": 11892, 
                    "shortest_values": [
                        "KATY", 
                        "BRONX", 
                        "HARLEM", 
                        "INWOOD", 
                        "AVENEL"
                    ], 
                    "average_length": 7.635637403296334, 
                    "type": "TEXT", 
                    "longest_values": [
                        "SOUTH RICHMOND HILL", 
                        "SPRINGFIELD GARDENS", 
                        "HASBROUCK HEIGHTS", 
                        "KEW GARDENS HILLS", 
                        "SOUTH OZONE PARK"
                    ]
                }
            ], 
            "number_empty_cells": 34, 
            "number_non_empty_cells": 11892, 
            "frequent_values": [
                "BROOKLYN", 
                "BRONX", 
                "NEW YORK", 
                "FLUSHING", 
                "ELMHURST"
            ], 
            "number_distinct_values": 172, 
            "column_name": "City"
        }, 
        {
            "data_type": [
                {
                    "count": 11890, 
                    "shortest_values": [
                        "NY", 
                        "NJ", 
                        "GA", 
                        "CT", 
                        "OH"
                    ], 
                    "average_length": 2.0005046257359127, 
                    "type": "TEXT", 
                    "longest_values": [
                        "brooklyn", 
                        "TX", 
                        "WI", 
                        "PA", 
                        "RI"
                    ]
                }
            ], 
            "number_empty_cells": 36, 
            "number_non_empty_cells": 11890, 
            "frequent_values": [
                "NY", 
                "NJ", 
                "RI", 
                "CT", 
                "PA"
            ], 
            "number_distinct_values": 10, 
            "column_name": "State"
        }, 
        {
            "data_type": [
                {
                    "count": 11890, 
                    "max_value": 77494, 
                    "min_value": 2895, 
                    "stddev": 1693.9646402006902, 
                    "type": "INTEGER", 
                    "mean": 10777.26804037006
                }
            ], 
            "number_empty_cells": 36, 
            "number_non_empty_cells": 11890, 
            "frequent_values": [
                10456.0, 
                11220.0, 
                11355.0, 
                10026.0, 
                10002.0
            ], 
            "number_distinct_values": 308, 
            "column_name": "Postcode"
        }, 
        {
            "data_type": [
                {
                    "count": 11926, 
                    "shortest_values": [
                        "Did Not Appear", 
                        "Application Voided", 
                        "Application Denied", 
                        "Applied for License", 
                        "Application Withdrawn"
                    ], 
                    "average_length": 26.63281905081335, 
                    "type": "TEXT", 
                    "longest_values": [
                        "Awaiting Waitlist Selection", 
                        "Application Withdrawn", 
                        "Applied for License", 
                        "Application Denied", 
                        "Application Voided"
                    ]
                }
            ], 
            "number_empty_cells": 0, 
            "number_non_empty_cells": 11926, 
            "frequent_values": [
                "Awaiting Waitlist Selection", 
                "Application Voided", 
                "Did Not Appear", 
                "Applied for License", 
                "Application Withdrawn"
            ], 
            "number_distinct_values": 6,