{
    "columns": [
        {
            "data_type": [
                {
                    "count": 88, 
                    "max_value": 811471, 
                    "min_value": 52108, 
                    "stddev": 169296.94421415136, 
                    "type": "INTEGER", 
                    "mean": 119179.47727272728
                }, 
                {
                    "count": 59122, 
                    "shortest_values": [
                        "57/18", 
                        "4/17B", 
                        "10/17", 
                        "48/18", 
                        "30/18"
                    ], 
                    "average_length": 8.443946415885796, 
                    "type": "TEXT", 
                    "longest_values": [
                        "811854/2015", 
                        "802938/2017", 
                        "804241/2017", 
                        "811575/2017", 
                        "104533/2014"
                    ]
                }
            ], 
            "number_empty_cells": 0, 
            "number_non_empty_cells": 59210, 
            "frequent_values": [
                "7997/18", 
                "67381/17", 
                "58128/16", 
                "60936/17", 
                "61111/18"
            ], 
            "number_distinct_values": 55205, 
            "column_name": "COURT_INDEX_NUMBER"
        }, 
        {
            "data_type": [
                {
                    "count": 59210, 
                    "max_value": 493400, 
                    "min_value": 103, 
                    "stddev": 149442.55780837606, 
                    "type": "INTEGER", 
                    "mean": 155122.82193886169
                }
            ], 
            "number_empty_cells": 0, 
            "number_non_empty_cells": 59210, 
            "frequent_values": [
                7242, 
                77292, 
                8305, 
                4740, 
                7195
            ], 
            "number_distinct_values": 52765, 
            "column_name": "DOCKET_NUMBER"
        }, 
        {
            "data_type": [
                {
                    "count": 59210, 
                    "shortest_values": [
                        "10 AVE D", 
                        "99 BOWERY", 
                        "108 AVE D", 
                        "170 AVE D", 
                        "154 AVE D"
                    ], 
                    "average_length": 20.808005404492484, 
                    "type": "TEXT", 
                    "longest_values": [
                        "1848 SECOND AVENUE FIRST FLOOR EXCLUDING THE BUILDING EXTENSION IN THE REAR OF THE FIRST FLOOR EXECP", 
                        "726 LYDIG AVENUE IN THE BUILDING KNOWN AS 724-48 LYDIG AVENUE A/K/A 2128-32 CRUGER AVENUE A/K/A 2127", 
                        "555 MADISON AVENUE STORE MEZZANINE PORTION OF THE BASEMENT AND SUB-CELLAR BASEMENT (KNOWN AS ROOM 6/", 
                        "949 SOUTHERN BOULEVARD - 2500 SQUARE FEET ON THE GROUND FLOOR AND CERTAIN BASEMENT SPACE CONNECTED T", 
                        "129-40 135TH STREET ENTIRE HOUSE PLUS DETACHED GARAGE; CONSISTING OF NINE(9) ROOMS ON THREE(3) FLOOR"
                    ]
                }
            ], 
            "number_empty_cells": 0, 
            "number_non_empty_cells": 59210, 
            "frequent_values": [
                "541 WEST 29TH STREET", 
                "40 RICHMAN PLAZA", 
                "20 RICHMAN PLAZA", 
                "10 RICHMAN PLAZA", 
                "30 RICHMAN PLAZA"
            ], 
            "number_distinct_values": 36745, 
            "column_name": "EVICTION_ADDRESS"
        }, 
        {
            "data_type": [
                {
                    "count": 8822, 
                    "max_value": 5103, 
                    "min_value": 0, 
                    "stddev": 396.74531252029027, 
                    "type": "INTEGER", 
                    "mean": 143.4925187032419
                }, 
                {
                    "count": 6, 
                    "max_value": 100000.0, 
                    "min_value": 1e-07, 
                    "stddev": 36876.426549108226, 
                    "type": "REAL", 
                    "mean": 17686.083333416667
                }, 
                {
                    "count": 40582, 
                    "shortest_values": [
                        "R", 
                        "K", 
                        "H", 
                        "C", 
                        "M"
                    ], 
                    "average_length": 3.812059533783451, 
                    "type": "TEXT", 
                    "longest_values": [
                        "PORTIONS OF THE GROU", 
                        "BEDROOM AT THE END O", 
                        "1F (FIRST FLR FRONT)", 
                        "SUITE 7, AS SHOWN ON", 
                        "FIRST FLOOR,ALL ROOM"
                    ]
                }
            ], 
            "number_empty_cells": 9800, 
            "number_non_empty_cells": 49410, 
            "frequent_values": [
                "2", 
                "1", 
                "3", 
                "BASEMENT", 
                "2F"
            ], 
            "number_distinct_values": 6024, 
            "column_name": "EVICTION_APT_NUM"
        }, 
        {
            "data_type": [
                {
                    "count": 59210, 
                    "max_value": "2070-03-29 00:00:00", 
                    "min_value": "2017-01-03 00:00:00", 
                    "type": "DATE/TIME"
                }
            ], 
            "number_empty_cells": 0, 
            "number_non_empty_cells": 59210, 
            "frequent_values": [
                "01/09/2018", 
                "01/18/2017", 
                "01/08/2018", 
                "01/10/2018", 
                "02/14/2017"
            ], 
            "number_distinct_values": 672, 
            "column_name": "EXECUTED_DATE"
        }, 
        {
            "data_type": [
                {
                    "count": 59210, 
                    "shortest_values": [
                        "Gary", 
                        "John", 
                        "Frank", 
                        "Vadim", 
                        "Bruce"
                    ], 
                    "average_length": 5.918932612734335, 
                    "type": "TEXT", 
                    "longest_values": [
                        "Salavatore", 
                        "Richard", 
                        "Darlene", 
                        "Jeffrey", 
                        "Charles"
                    ]
                }
            ], 
            "number_empty_cells": 0, 
            "number_non_empty_cells": 59210, 
            "frequent_values": [
                "Justin", 
                "Henry", 
                "Richard", 
                "Ileana", 
                "Thomas"
            ], 
            "number_distinct_values": 25, 
            "column_name": "MARSHAL_FIRST_NAME"
        }, 
        {
            "data_type": [
                {
                    "count": 59210, 
                    "shortest_values": [
                        "Bia", 
                        "Kemp", 
                        "Rose", 
                        "Guida", 
                        "Daley"
                    ], 
                    "average_length": 6.474311771660193, 
                    "type": "TEXT", 
                    "longest_values": [
                        "Barbarovich", 
                        "Essock, Jr.", 
                        "Marchisotto", 
                        "Villanueva", 
                        "Giachetta"
                    ]
                }
            ], 
            "number_empty_cells": 0, 
            "number_non_empty_cells": 59210,