{
    "columns": [
        {
            "data_type": [
                {
                    "count": 42309, 
                    "shortest_values": [
                        "2015-2016", 
                        "2013-2014", 
                        "2017-2018", 
                        "2016-2017", 
                        "2014-2015"
                    ], 
                    "average_length": 9.0, 
                    "type": "TEXT", 
                    "longest_values": [
                        "2018-2019", 
                        "2014-2015", 
                        "2016-2017", 
                        "2017-2018", 
                        "2013-2014"
                    ]
                }
            ], 
            "number_empty_cells": 0, 
            "number_non_empty_cells": 42309, 
            "frequent_values": [
                "2018-2019", 
                "2017-2018", 
                "2016-2017", 
                "2015-2016", 
                "2014-2015"
            ], 
            "number_distinct_values": 6, 
            "column_name": "School_Year"
        }, 
        {
            "data_type": [
                {
                    "count": 42309, 
                    "shortest_values": [
                        "C911", 
                        "R368", 
                        "R367", 
                        "R366", 
                        "R365"
                    ], 
                    "average_length": 4.473090831737928, 
                    "type": "TEXT", 
                    "longest_values": [
                        "K9238", 
                        "K9984", 
                        "K9993", 
                        "K9992", 
                        "K9991"
                    ]
                }
            ], 
            "number_empty_cells": 0, 
            "number_non_empty_cells": 42309, 
            "frequent_values": [
                "Q2473", 
                "K9812", 
                "R667", 
                "R669", 
                "M468"
            ], 
            "number_distinct_values": 12023, 
            "column_name": "Route_Number"
        }, 
        {
            "data_type": [
                {
                    "count": 42309, 
                    "shortest_values": [
                        "D2D", 
                        "S2S AM", 
                        "S2S PM"
                    ], 
                    "average_length": 4.419272495213784, 
                    "type": "TEXT", 
                    "longest_values": [
                        "S2S PM", 
                        "S2S AM", 
                        "D2D"
                    ]
                }
            ], 
            "number_empty_cells": 0, 
            "number_non_empty_cells": 42309, 
            "frequent_values": [
                "D2D", 
                "S2S PM", 
                "S2S AM"
            ], 
            "number_distinct_values": 3, 
            "column_name": "Service_Type"
        }, 
        {
            "data_type": [
                {
                    "count": 42309, 
                    "shortest_values": [
                        "Mini-Wagon", 
                        "Ramp-Wagon", 
                        "Hydraulic Lift", 
                        "Type C or D Flex", 
                        "Standard Bus (SE)"
                    ], 
                    "average_length": 15.031766290860102, 
                    "type": "TEXT", 
                    "longest_values": [
                        "Non-Wheelchair Accessible Alternative (NWC)", 
                        "Wheelchair Accessible Alternative (WC)", 
                        "Ambulance Transportation Service", 
                        "Type A or B Flex Vehicle", 
                        "Standard Bus (GE)"
                    ]
                }
            ], 
            "number_empty_cells": 0, 
            "number_non_empty_cells": 42309, 
            "frequent_values": [
                "Standard Bus (GE)", 
                "Mini-Wagon", 
                "Standard Bus (SE)", 
                "Type A or B Flex Vehicle", 
                "Ramp-Wagon"
            ], 
            "number_distinct_values": 10, 
            "column_name": "Vehicle_TypeDescription"
        }, 
        {
            "data_type": [
                {
                    "count": 42309, 
                    "max_value": "2019-06-07 00:00:00", 
                    "min_value": "2013-07-03 00:00:00", 
                    "type": "DATE/TIME"
                }
            ], 
            "number_empty_cells": 0, 
            "number_non_empty_cells": 42309, 
            "frequent_values": [
                "09/04/2018", 
                "09/01/2016", 
                "09/08/2015", 
                "09/05/2017", 
                "09/01/2017"
            ], 
            "number_distinct_values": 725, 
            "column_name": "Route_Start_Date"
        }, 
        {
            "data_type": [
                {
                    "count": 42309, 
                    "shortest_values": [
                        "VN", 
                        "AP", 
                        "NL", 
                        "TL", 
                        "EY"
                    ], 
                    "average_length": 2.0, 
                    "type": "TEXT", 
                    "longest_values": [
                        "TF", 
                        "FP", 
                        "FR", 
                        "TN", 
                        "LQ"
                    ]
                }
            ], 
            "number_empty_cells": 0, 
            "number_non_empty_cells": 42309, 
            "frequent_values": [
                "RV", 
                "NW", 
                "BO", 
                "PT", 
                "JZ"
            ], 
            "number_distinct_values": 61, 
            "column_name": "Vendor_Code"
        }, 
        {
            "data_type": [
                {
                    "count": 42309, 
                    "shortest_values": [
                        "IC BUS INC.", 
                        "CAREFUL BUS", 
                        "SNT BUS INC", 
                        "LORINDA ENT. LTD.", 
                        "L & M BUS CORP (A)"
                    ], 
                    "average_length": 24.223498546408564, 
                    "type": "TEXT", 
                    "longest_values": [
                        "RELIANT TRANSPORTATION, INC (B2321)", 
                        "MONTAUK STUDENT TRANS, INC. (B2321)", 
                        "LEESEL TRANSPORTATION CORP (B2192)", 
                        "MONTAUK STUDENT TRANS LLC (B2192)", 
                        "SELBY TRANSPORTATION CORP (B2192)"
                    ]
                }
            ], 
            "number_empty_cells": 0, 
            "number_non_empty_cells": 42309, 
            "frequent_values": [
                "PIONEER TRANSPORTATION CORP", 
                "SNT BUS INC", 
                "BORO TRANSIT, INC.", 
                "JOFAZ TRANSPORTATION INC.", 
                "GRANDPA`S BUS CO., INC."
            ], 
            "number_distinct_values": 66, 
            "column_name": "Vendor_Name"
        }, 
        {
            "data_type": [
                {
                    "count": 42309, 
                    "shortest_values": [
                        "IC BUS INC.", 
                        "CAREFUL BUS", 
                        "SNT BUS INC", 
                        "L & M BUS CORP (A)", 
                        "BORO TRANSIT, INC."
                    ], 
                    "average_length": 23.97374081164764, 
                    "type": "TEXT",