{
    "columns": [
        {
            "data_type": [
                {
                    "count": 1992, 
                    "shortest_values": [
                        "POINT (-142.79870371802988 -90)", 
                        "POINT (-73.9368400443645 40.856239568665)", 
                        "POINT (-73.92252749339443 40.82301436419)", 
                        "POINT (-73.8310905036318 40.580907676681)", 
                        "POINT (-74.08707286306137 40.61062072455)"
                    ], 
                    "average_length": 44.07730923694779, 
                    "type": "TEXT", 
                    "longest_values": [
                        "POINT (-73.78183913426534 40.700840816889354)", 
                        "POINT (-73.78936553332089 40.764884646689865)", 
                        "POINT (-73.92188671484034 40.808694722350545)", 
                        "POINT (-73.88118705956552 40.820486973543304)", 
                        "POINT (-73.95142596564814 40.792302973662935)"
                    ]
                }
            ], 
            "number_empty_cells": 0, 
            "number_non_empty_cells": 1992, 
            "frequent_values": [
                "POINT (-73.98610528974463 40.695444662271335)", 
                "POINT (-73.88862599113038 40.85946655056229)", 
                "POINT (-73.8316693059467 40.87403500170278)", 
                "POINT (-74.01290854217079 40.705424747008834)", 
                "POINT (-73.85593070513221 40.82121847122283)"
            ], 
            "number_distinct_values": 1336, 
            "column_name": "the_geom"
        }, 
        {
            "data_type": [
                {
                    "count": 1992, 
                    "shortest_values": [
                        "75Q233", 
                        "31R060", 
                        "11X514", 
                        "84K882", 
                        "09X350"
                    ], 
                    "average_length": 6.0, 
                    "type": "TEXT", 
                    "longest_values": [
                        "29Q118", 
                        "84X422", 
                        "02M655", 
                        "26Q031", 
                        "24Q330"
                    ]
                }
            ], 
            "number_empty_cells": 0, 
            "number_non_empty_cells": 1992, 
            "frequent_values": [
                "21K344", 
                "10X080", 
                "30Q235", 
                "30Q234", 
                "11X121"
            ], 
            "number_distinct_values": 1931, 
            "column_name": "ATS_Code"
        }, 
        {
            "data_type": [
                {
                    "count": 1992, 
                    "shortest_values": [
                        "Q233", 
                        "R060", 
                        "X514", 
                        "K882", 
                        "X350"
                    ], 
                    "average_length": 4.0, 
                    "type": "TEXT", 
                    "longest_values": [
                        "Q118", 
                        "X422", 
                        "M655", 
                        "Q031", 
                        "Q330"
                    ]
                }
            ], 
            "number_empty_cells": 0, 
            "number_non_empty_cells": 1992, 
            "frequent_values": [
                "M973", 
                "M726", 
                "M316", 
                "K292", 
                "M125"
            ], 
            "number_distinct_values": 1931, 
            "column_name": "Loc_Code"
        }, 
        {
            "data_type": [
                {
                    "count": 1992, 
                    "shortest_values": [
                        "LYFE", 
                        "ALC -", 
                        "Kappa", 
                        "P.S. 36", 
                        "Muscota"
                    ], 
                    "average_length": 29.504016064257026, 
                    "type": "TEXT", 
                    "longest_values": [
                        "NYC Charter High School for Architecture, Engineering and Construction Industries (AECI)", 
                        "Science Skills Center High School for Science, Technology and the Creative Arts", 
                        "English Language Learners and International Support Preparatory Academy (ELLIS)", 
                        "Academy for College Preparation and Career Exploration: A College Board School", 
                        "PS 80 \u00a0The Thurgood Marshall Magnet School of Multimedia and Communication"
                    ]
                }
            ], 
            "number_empty_cells": 0, 
            "number_non_empty_cells": 1992, 
            "frequent_values": [
                "P.S. 377", 
                "P.S. 040 Augustus Saint-Gaudens", 
                "Lower Manhattan Community Middle School", 
                "P.S. M721 - Manhattan Occupational Training Center", 
                "Success Academy Prospect Heights (Brooklyn 6)"
            ], 
            "number_distinct_values": 1927, 
            "column_name": "Loc_Name"
        }, 
        {
            "data_type": [
                {
                    "count": 1992, 
                    "max_value": 2, 
                    "min_value": 1, 
                    "stddev": 0.33852132868216606, 
                    "type": "INTEGER", 
                    "mean": 1.1320281124497993
                }
            ], 
            "number_empty_cells": 0, 
            "number_non_empty_cells": 1992, 
            "frequent_values": [
                1, 
                2
            ], 
            "number_distinct_values": 2, 
            "column_name": "Managed_by"
        }, 
        {
            "data_type": [
                {
                    "count": 1992, 
                    "max_value": 36, 
                    "min_value": 1, 
                    "stddev": 4.944940062208537, 
                    "type": "INTEGER", 
                    "mean": 5.0582329317269075
                }
            ], 
            "number_empty_cells": 0, 
            "number_non_empty_cells": 1992, 
            "frequent_values": [
                2, 
                5, 
                3, 
                15, 
                4
            ], 
            "number_distinct_values": 10, 
            "column_name": "LCC"
        }, 
        {
            "data_type": [
                {
                    "count": 1992, 
                    "shortest_values": [
                        "Q686", 
                        "M163", 
                        "K242", 
                        "KAJY", 
                        "Q195"
                    ], 
                    "average_length": 4.0, 
                    "type": "TEXT", 
                    "longest_values": [
                        "Q118", 
                        "X716", 
                        "K108", 
                        "R062", 
                        "K238"
                    ]
                }
            ], 
            "number_empty_cells": 0, 
            "number_non_empty_cells": 1992, 
            "frequent_values": [
                "K580", 
                "X435", 
                "X425", 
                "X450", 
                "X475"
            ], 
            "number_distinct_values": 1366, 
            "column_name": "PrimaryBui"
        }, 
        {
            "data_type": [
                {
                    "count": 1992, 
                    "max_value": 5149609, 
                    "min_value": 0, 
                    "stddev": 1202859.5826383969, 
                    "type": "INTEGER", 
                    "mean": 2764075.324799197
                }
            ], 
            "number_empty_cells": 0, 
            "number_non_empty_cells": 1992,