{
    "columns": [
        {
            "data_type": [
                {
                    "count": 96963, 
                    "max_value": 5863723, 
                    "min_value": 1000003, 
                    "stddev": 1421635.9315225047, 
                    "type": "INTEGER", 
                    "mean": 2422361.0279591186
                }
            ], 
            "number_empty_cells": 0, 
            "number_non_empty_cells": 96963, 
            "frequent_values": [
                1082908, 
                1015862, 
                1035348, 
                1085694, 
                1067973
            ], 
            "number_distinct_values": 34167, 
            "column_name": "Permit BIN"
        }, 
        {
            "data_type": [
                {
                    "count": 96963, 
                    "max_value": 520078870, 
                    "min_value": 100052194, 
                    "stddev": 131042615.19753985, 
                    "type": "INTEGER", 
                    "mean": 245550626.59384507
                }
            ], 
            "number_empty_cells": 0, 
            "number_non_empty_cells": 96963, 
            "frequent_values": [
                420091796, 
                302330948, 
                500769297, 
                103887849, 
                201025808
            ], 
            "number_distinct_values": 63473, 
            "column_name": "Permit Application Job Number"
        }, 
        {
            "data_type": [
                {
                    "count": 96963, 
                    "max_value": 9, 
                    "min_value": 1, 
                    "stddev": 0.4385903027050138, 
                    "type": "INTEGER", 
                    "mean": 1.1339995668450853
                }
            ], 
            "number_empty_cells": 0, 
            "number_non_empty_cells": 96963, 
            "frequent_values": [
                1, 
                2, 
                3, 
                4, 
                5
            ], 
            "number_distinct_values": 9, 
            "column_name": "Permit Application Document Number"
        }, 
        {
            "data_type": [
                {
                    "count": 96963, 
                    "shortest_values": [
                        "A2", 
                        "NB", 
                        "A1", 
                        "A3", 
                        "DM"
                    ], 
                    "average_length": 2.0, 
                    "type": "TEXT", 
                    "longest_values": [
                        "SG", 
                        "DM", 
                        "A3", 
                        "A1", 
                        "NB"
                    ]
                }
            ], 
            "number_empty_cells": 0, 
            "number_non_empty_cells": 96963, 
            "frequent_values": [
                "A2", 
                "A3", 
                "NB", 
                "A1", 
                "SG"
            ], 
            "number_distinct_values": 6, 
            "column_name": "Permit Application Job Type"
        }, 
        {
            "data_type": [
                {
                    "count": 96963, 
                    "shortest_values": [
                        "PL", 
                        "EW", 
                        "NB", 
                        "AL", 
                        "EQ"
                    ], 
                    "average_length": 2.0, 
                    "type": "TEXT", 
                    "longest_values": [
                        "DM", 
                        "SG", 
                        "FO", 
                        "EQ", 
                        "AL"
                    ]
                }
            ], 
            "number_empty_cells": 0, 
            "number_non_empty_cells": 96963, 
            "frequent_values": [
                "EW", 
                "PL", 
                "EQ", 
                "AL", 
                "NB"
            ], 
            "number_distinct_values": 8, 
            "column_name": "Permit Type"
        }, 
        {
            "data_type": [
                {
                    "count": 96963, 
                    "shortest_values": [
                        "  ", 
                        "SP", 
                        "OT", 
                        "FN", 
                        "SD"
                    ], 
                    "average_length": 2.0, 
                    "type": "TEXT", 
                    "longest_values": [
                        "EA", 
                        "FP", 
                        "CH", 
                        "BL", 
                        "SF"
                    ]
                }
            ], 
            "number_empty_cells": 0, 
            "number_non_empty_cells": 96963, 
            "frequent_values": [
                "  ", 
                "OT", 
                "MH", 
                "FN", 
                "SH"
            ], 
            "number_distinct_values": 14, 
            "column_name": "Permit SubType"
        }, 
        {
            "data_type": [
                {
                    "count": 96963, 
                    "shortest_values": [
                        "PERMIT ISSUED                           ", 
                        "PERMIT REISSUED                         "
                    ], 
                    "average_length": 40.0, 
                    "type": "TEXT", 
                    "longest_values": [
                        "PERMIT REISSUED                         ", 
                        "PERMIT ISSUED                           "
                    ]
                }
            ], 
            "number_empty_cells": 0, 
            "number_non_empty_cells": 96963, 
            "frequent_values": [
                "PERMIT ISSUED                           ", 
                "PERMIT REISSUED                         "
            ], 
            "number_distinct_values": 2, 
            "column_name": "Permit Status Description"
        }, 
        {
            "data_type": [
                {
                    "count": 96963, 
                    "max_value": 24, 
                    "min_value": 1, 
                    "stddev": 1.3732282341719877, 
                    "type": "INTEGER", 
                    "mean": 1.7068366284046492
                }
            ], 
            "number_empty_cells": 0, 
            "number_non_empty_cells": 96963, 
            "frequent_values": [
                1, 
                2, 
                3, 
                4, 
                5
            ], 
            "number_distinct_values": 22, 
            "column_name": "Permit Sequence Number"
        }, 
        {
            "data_type": [
                {
                    "count": 96963, 
                    "max_value": "2011-09-30 00:00:00", 
                    "min_value": "2002-05-23 00:00:00", 
                    "type": "DATE/TIME"
                }
            ], 
            "number_empty_cells": 0, 
            "number_non_empty_cells": 96963, 
            "frequent_values": [
                "09/15/2011 12:00:00 AM", 
                "03/31/2011 12:00:00 AM", 
                "09/09/2011 12:00:00 AM", 
                "08/31/2011 12:00:00 AM", 
                "03/30/2011 12:00:00 AM"
            ], 
            "number_distinct_values": 300, 
            "column_name": "Permit Status Date"
        }, 
        {
            "data_type": [
                {
                    "count": 96963, 
                    "max_value": "2011-09-30 00:00:00", 
                    "min_value": "2002-05-23 00:00:00", 
                    "type": "DATE/TIME"
                }
            ], 
            "number_empty_cells": 0, 
            "number_non_empty_cells": 96963,