{
    "columns": [
        {
            "data_type": [
                {
                    "count": 858548, 
                    "max_value": 5, 
                    "min_value": 1, 
                    "stddev": 1.0224005302015415, 
                    "type": "INTEGER", 
                    "mean": 3.4649233356783777
                }
            ], 
            "number_empty_cells": 4, 
            "number_non_empty_cells": 858548, 
            "frequent_values": [
                4.0, 
                3.0, 
                5.0, 
                2.0, 
                1.0
            ], 
            "number_distinct_values": 5, 
            "column_name": "Borough Code"
        }, 
        {
            "data_type": [
                {
                    "count": 858552, 
                    "max_value": 16350, 
                    "min_value": 0, 
                    "stddev": 3698.0573275995093, 
                    "type": "INTEGER", 
                    "mean": 5310.847504868662
                }
            ], 
            "number_empty_cells": 0, 
            "number_non_empty_cells": 858552, 
            "frequent_values": [
                2925, 
                7405, 
                4452, 
                7422, 
                869
            ], 
            "number_distinct_values": 13976, 
            "column_name": "Tax Block"
        }, 
        {
            "data_type": [
                {
                    "count": 858552, 
                    "max_value": 9102, 
                    "min_value": 0, 
                    "stddev": 125.96216368111885, 
                    "type": "INTEGER", 
                    "mean": 60.472408194261966
                }
            ], 
            "number_empty_cells": 0, 
            "number_non_empty_cells": 858552, 
            "frequent_values": [
                1, 
                20, 
                15, 
                12, 
                16
            ], 
            "number_distinct_values": 2394, 
            "column_name": "Tax Lot"
        }, 
        {
            "data_type": [
                {
                    "count": 858552, 
                    "max_value": 5080500094, 
                    "min_value": 1000010010, 
                    "stddev": 1030456828.4478377, 
                    "type": "INTEGER", 
                    "mean": 3518035528.906743
                }
            ], 
            "number_empty_cells": 0, 
            "number_non_empty_cells": 858552, 
            "frequent_values": [
                5015250100, 
                4059000050, 
                4123850133, 
                4159050003, 
                4123850131
            ], 
            "number_distinct_values": 858547, 
            "column_name": "BBL"
        }, 
        {
            "data_type": [
                {
                    "count": 858394, 
                    "shortest_values": [
                        "R5", 
                        "R2", 
                        "C7", 
                        "R4", 
                        "R6"
                    ], 
                    "average_length": 3.012330002306633, 
                    "type": "TEXT", 
                    "longest_values": [
                        "M1-1/R7-2", 
                        "M1-5/R9-1", 
                        "M1-4/R7-2", 
                        "M1-5/R7-3", 
                        "M1-2/R7-2"
                    ]
                }
            ], 
            "number_empty_cells": 158, 
            "number_non_empty_cells": 858394, 
            "frequent_values": [
                "R5", 
                "R4", 
                "R6", 
                "R3-2", 
                "R3A"
            ], 
            "number_distinct_values": 163, 
            "column_name": "Zoning District 1"
        }, 
        {
            "data_type": [
                {
                    "count": 19858, 
                    "shortest_values": [
                        "R9", 
                        "R6", 
                        "C7", 
                        "R4", 
                        "R8"
                    ], 
                    "average_length": 3.2697653338704806, 
                    "type": "TEXT", 
                    "longest_values": [
                        "M1-1/R7-2", 
                        "M1-5/R7-2", 
                        "M1-5/R7-3", 
                        "M1-4/R8A", 
                        "M1-5/R8A"
                    ]
                }
            ], 
            "number_empty_cells": 838694, 
            "number_non_empty_cells": 19858, 
            "frequent_values": [
                "R6B", 
                "R5", 
                "R3-2", 
                "R6A", 
                "R4-1"
            ], 
            "number_distinct_values": 147, 
            "column_name": "Zoning District 2"
        }, 
        {
            "data_type": [
                {
                    "count": 207, 
                    "shortest_values": [
                        "C3", 
                        "R8", 
                        "R9", 
                        "R4", 
                        "R6"
                    ], 
                    "average_length": 3.3381642512077296, 
                    "type": "TEXT", 
                    "longest_values": [
                        "M1-2/R5D", 
                        "M1-6/R9", 
                        "C6-6.5", 
                        "C5-2.5", 
                        "C1-9A"
                    ]
                }
            ], 
            "number_empty_cells": 858345, 
            "number_non_empty_cells": 207, 
            "frequent_values": [
                "R5", 
                "R6", 
                "R7A", 
                "R6B", 
                "M1-1"
            ], 
            "number_distinct_values": 65, 
            "column_name": "Zoning District 3"
        }, 
        {
            "data_type": [
                {
                    "count": 14, 
                    "shortest_values": [
                        "R4", 
                        "R8", 
                        "R7A", 
                        "C6-7", 
                        "M1-1"
                    ], 
                    "average_length": 3.7142857142857144, 
                    "type": "TEXT", 
                    "longest_values": [
                        "C4-4A", 
                        "R7-1", 
                        "PARK", 
                        "R3-2", 
                        "C8-1"
                    ]
                }
            ], 
            "number_empty_cells": 858538, 
            "number_non_empty_cells": 14, 
            "frequent_values": [
                "C8-1", 
                "PARK", 
                "C2-8", 
                "R8", 
                "R3-2"
            ], 
            "number_distinct_values": 12, 
            "column_name": "Zoning District 4"
        }, 
        {
            "data_type": [
                {
                    "count": 74971, 
                    "shortest_values": [
                        "C2-4", 
                        "C2-5", 
                        "C2-2", 
                        "C2-3", 
                        "C1-3"
                    ], 
                    "average_length": 4.0, 
                    "type": "TEXT", 
                    "longest_values": [
                        "C1-4", 
                        "C1-5", 
                        "C1-2", 
                        "C2-1", 
                        "C1-1"
                    ]
                }
            ], 
            "number_empty_cells": 783581, 
            "number_non_empty_cells": 74971, 
            "frequent_values": [
                "C2-4", 
                "C1-3", 
                "C2-3", 
                "C1-2", 
                "C1-4"
            ], 
            "number_distinct_values": 10,