{
    "columns": [
        {
            "data_type": [
                {
                    "count": 103365, 
                    "shortest_values": [
                        "2015-2016", 
                        "2016-2017", 
                        "2017-2018", 
                        "2018-2019"
                    ], 
                    "average_length": 9.0, 
                    "type": "TEXT", 
                    "longest_values": [
                        "2018-2019", 
                        "2017-2018", 
                        "2016-2017", 
                        "2015-2016"
                    ]
                }
            ], 
            "number_empty_cells": 0, 
            "number_non_empty_cells": 103365, 
            "frequent_values": [
                "2018-2019", 
                "2017-2018", 
                "2016-2017", 
                "2015-2016"
            ], 
            "number_distinct_values": 4, 
            "column_name": "School_Year"
        }, 
        {
            "data_type": [
                {
                    "count": 103365, 
                    "shortest_values": [
                        "J698", 
                        "R517", 
                        "R516", 
                        "R515", 
                        "R514"
                    ], 
                    "average_length": 4.4578822618874865, 
                    "type": "TEXT", 
                    "longest_values": [
                        "Q9019", 
                        "M1167", 
                        "R2502", 
                        "M1177", 
                        "M1175"
                    ]
                }
            ], 
            "number_empty_cells": 0, 
            "number_non_empty_cells": 103365, 
            "frequent_values": [
                "M8071", 
                "K9458", 
                "Q8314", 
                "Q8323", 
                "M9071"
            ], 
            "number_distinct_values": 12010, 
            "column_name": "Route_Number"
        }, 
        {
            "data_type": [
                {
                    "count": 103365, 
                    "max_value": 75982, 
                    "min_value": 1001, 
                    "stddev": 13263.712632925563, 
                    "type": "INTEGER", 
                    "mean": 19063.33731920863
                }
            ], 
            "number_empty_cells": 0, 
            "number_non_empty_cells": 103365, 
            "frequent_values": [
                30227, 
                31007, 
                12084, 
                24005, 
                31024
            ], 
            "number_distinct_values": 3068, 
            "column_name": "OPT_Code"
        }
    ], 
    "dataset_name": "fgqh-vfzz", 
    "key_column_candidates": []
}