{
    "columns": [
        {
            "data_type": [
                {
                    "count": 39, 
                    "max_value": 2018, 
                    "min_value": 1980, 
                    "stddev": 11.254628677422755, 
                    "type": "INTEGER", 
                    "mean": 1999.0
                }
            ], 
            "number_empty_cells": 0, 
            "number_non_empty_cells": 39, 
            "frequent_values": [
                1983, 
                1993, 
                2000, 
                1999, 
                1998
            ], 
            "number_distinct_values": 39, 
            "column_name": "Year"
        }, 
        {
            "data_type": [
                {
                    "count": 39, 
                    "max_value": 26407629785, 
                    "min_value": 3196210196, 
                    "stddev": 6365120514.569905, 
                    "type": "INTEGER", 
                    "mean": 10643925921.76923
                }
            ], 
            "number_empty_cells": 0, 
            "number_non_empty_cells": 39, 
            "frequent_values": [
                7773321765, 
                8760872526, 
                4226553559, 
                4975553942, 
                3957174165
            ], 
            "number_distinct_values": 39, 
            "column_name": "Property"
        }, 
        {
            "data_type": [
                {
                    "count": 39, 
                    "max_value": 13411314750, 
                    "min_value": 879294718, 
                    "stddev": 3433184016.0230107, 
                    "type": "INTEGER", 
                    "mean": 5522150591.256411
                }
            ], 
            "number_empty_cells": 0, 
            "number_non_empty_cells": 39, 
            "frequent_values": [
                13411314750, 
                11257809363, 
                2163167712, 
                1331014364, 
                1018517570
            ], 
            "number_distinct_values": 39, 
            "column_name": "Personal Income, Total"
        }, 
        {
            "data_type": [
                {
                    "count": 39, 
                    "max_value": 0, 
                    "min_value": -684607000, 
                    "stddev": 183712063.5785717, 
                    "type": "INTEGER", 
                    "mean": -95705102.56410256
                }
            ], 
            "number_empty_cells": 0, 
            "number_non_empty_cells": 39, 
            "frequent_values": [
                0, 
                -350000000, 
                -450547000, 
                -407442000, 
                -543726000
            ], 
            "number_distinct_values": 13, 
            "column_name": "Less: Transfers to Debt Service Funds and Adjustments"
        }, 
        {
            "data_type": [
                {
                    "count": 39, 
                    "max_value": 13411314750, 
                    "min_value": 879294718, 
                    "stddev": 3402431209.3702264, 
                    "type": "INTEGER", 
                    "mean": 5426445488.692307
                }
            ], 
            "number_empty_cells": 0, 
            "number_non_empty_cells": 39, 
            "frequent_values": [
                13411314750, 
                11257809363, 
                5389598015, 
                2163167712, 
                1815595083
            ], 
            "number_distinct_values": 39, 
            "column_name": "Personal Income, General Fund Revenue"
        }, 
        {
            "data_type": [
                {
                    "count": 39, 
                    "max_value": 7460489693, 
                    "min_value": 1142245558, 
                    "stddev": 1801779125.33282, 
                    "type": "INTEGER", 
                    "mean": 3658205566.0
                }
            ], 
            "number_empty_cells": 0, 
            "number_non_empty_cells": 39, 
            "frequent_values": [
                4614926014, 
                3525609617, 
                7460489693, 
                5826046428, 
                1686320154
            ], 
            "number_distinct_values": 39, 
            "column_name": "General Sales"
        }, 
        {
            "data_type": [
                {
                    "count": 39, 
                    "max_value": 4101887263, 
                    "min_value": 532872360, 
                    "stddev": 1050436125.426612, 
                    "type": "INTEGER", 
                    "mean": 1999976326.1538463
                }
            ], 
            "number_empty_cells": 0, 
            "number_non_empty_cells": 39, 
            "frequent_values": [
                2403987967, 
                1256200401, 
                3335916960, 
                4101887263, 
                637347744
            ], 
            "number_distinct_values": 39, 
            "column_name": "General Corporation"
        }, 
        {
            "data_type": [
                {
                    "count": 39, 
                    "max_value": 1658179166, 
                    "min_value": 106574386, 
                    "stddev": 445193988.0357392, 
                    "type": "INTEGER", 
                    "mean": 613975503.6923077
                }
            ], 
            "number_empty_cells": 0, 
            "number_non_empty_cells": 39, 
            "frequent_values": [
                307378758, 
                690830347, 
                285399320, 
                204914820, 
                394858132
            ], 
            "number_distinct_values": 39, 
            "column_name": "Financial Corporation"
        }, 
        {
            "data_type": [
                {
                    "count": 39, 
                    "max_value": 2269383550, 
                    "min_value": 97673358, 
                    "stddev": 707121420.5447012, 
                    "type": "INTEGER", 
                    "mean": 940236955.8461539
                }
            ], 
            "number_empty_cells": 0, 
            "number_non_empty_cells": 39, 
            "frequent_values": [
                2269383550, 
                356500238, 
                1825642267, 
                169311705, 
                1954137624
            ], 
            "number_distinct_values": 39, 
            "column_name": "Unincorporated Business Income"
        }, 
        {
            "data_type": [
                {
                    "count": 39, 
                    "max_value": 1569640288, 
                    "min_value": 33270587, 
                    "stddev": 436311845.1488202, 
                    "type": "INTEGER", 
                    "mean": 490924892.1282051
                }
            ], 
            "number_empty_cells": 0, 
            "number_non_empty_cells": 39, 
            "frequent_values": [
                742085885, 
                536737103, 
                154443551, 
                38221726, 
                1154626971
            ], 
            "number_distinct_values": 39, 
            "column_name": "Mortgage Recording"
        }, 
        {
            "data_type": [
                {
                    "count": 39, 
                    "max_value": 921373697, 
                    "min_value": 218814717, 
                    "stddev": 176019321.22256488, 
                    "type": "INTEGER", 
                    "mean": 558722881.6666666
                }
            ], 
            "number_empty_cells": 0, 
            "number_non_empty_cells": 39, 
            "frequent_values": [
                603218060, 
                399591120, 
                476264923, 
                388722704, 
                721213297
            ], 
            "number_distinct_values": 39,