{
    "columns": [
        {
            "data_type": [
                {
                    "count": 18248, 
                    "shortest_values": [
                        "2016-2017", 
                        "2017-2018", 
                        "2015-2016", 
                        "2018-2019"
                    ], 
                    "average_length": 9.0, 
                    "type": "TEXT", 
                    "longest_values": [
                        "2018-2019", 
                        "2015-2016", 
                        "2017-2018", 
                        "2016-2017"
                    ]
                }
            ], 
            "number_empty_cells": 0, 
            "number_non_empty_cells": 18248, 
            "frequent_values": [
                "2017-2018", 
                "2018-2019", 
                "2016-2017", 
                "2015-2016"
            ], 
            "number_distinct_values": 4, 
            "column_name": "School_Year"
        }, 
        {
            "data_type": [
                {
                    "count": 16447, 
                    "max_value": 75999, 
                    "min_value": 1001, 
                    "stddev": 17483.120235444163, 
                    "type": "INTEGER", 
                    "mean": 20107.37617802639
                }, 
                {
                    "count": 1801, 
                    "shortest_values": [
                        "C008", 
                        "S016", 
                        "S015", 
                        "S014", 
                        "S010"
                    ], 
                    "average_length": 4.052748473070516, 
                    "type": "TEXT", 
                    "longest_values": [
                        "E052A", 
                        "S161B", 
                        "C165A", 
                        "S811B", 
                        "C265B"
                    ]
                }
            ], 
            "number_empty_cells": 0, 
            "number_non_empty_cells": 18248, 
            "frequent_values": [
                "31009", 
                "15497", 
                "13895", 
                "75616", 
                "13890"
            ], 
            "number_distinct_values": 4909, 
            "column_name": "OPT_Code"
        }, 
        {
            "data_type": [
                {
                    "count": 18248, 
                    "shortest_values": [
                        "SOS", 
                        "PS 8", 
                        "PS 7", 
                        "AMAC", 
                        "PS 4"
                    ], 
                    "average_length": 20.504384042086805, 
                    "type": "TEXT", 
                    "longest_values": [
                        "New York Center for Child Development- Grand Street Settlement, Inc. ACS Headstart", 
                        "Sensory Motor Integration & Language Enrichment Therapeutic Services Smile Center", 
                        "Queens County Educators for Tomorrow, Inc. Early Leaning Center 2 @ Starlight", 
                        "Liberty Resources Psychology, Physical, Occupational and Speech Therapy PLLC", 
                        "SUNSHINE DEVELOPMENTAL SCHOOL COMMITTEE FOR EARLY CHILDHOOD DV HEAD START"
                    ]
                }
            ], 
            "number_empty_cells": 0, 
            "number_non_empty_cells": 18248, 
            "frequent_values": [
                "FAMILY WELCOME CENTER", 
                "UNITED TALMUDICAL ACADEMY", 
                "IMMACULATE CONCEPTION SCH", 
                "PS 48", 
                "PS 18"
            ], 
            "number_distinct_values": 4673, 
            "column_name": "Name"
        }, 
        {
            "data_type": [
                {
                    "count": 16447, 
                    "shortest_values": [
                        "Public", 
                        "Charter", 
                        "Yeshiva", 
                        "Parochial", 
                        "Christian"
                    ], 
                    "average_length": 7.219918526174986, 
                    "type": "TEXT", 
                    "longest_values": [
                        "Non-NYC Public", 
                        "Other Religion", 
                        "Nonsectarian", 
                        "Christian", 
                        "Parochial"
                    ]
                }
            ], 
            "number_empty_cells": 1801, 
            "number_non_empty_cells": 16447, 
            "frequent_values": [
                "Public", 
                "Nonsectarian", 
                "Yeshiva", 
                "Charter", 
                "Parochial"
            ], 
            "number_distinct_values": 8, 
            "column_name": "Affiliation"
        }, 
        {
            "data_type": [
                {
                    "count": 18248, 
                    "shortest_values": [
                        "School", 
                        "Office", 
                        "Pre-K/EI Site"
                    ], 
                    "average_length": 6.69087023235423, 
                    "type": "TEXT", 
                    "longest_values": [
                        "Pre-K/EI Site", 
                        "Office", 
                        "School"
                    ]
                }
            ], 
            "number_empty_cells": 0, 
            "number_non_empty_cells": 18248, 
            "frequent_values": [
                "School", 
                "Pre-K/EI Site", 
                "Office"
            ], 
            "number_distinct_values": 3, 
            "column_name": "Site_Type"
        }, 
        {
            "data_type": [
                {
                    "count": 18248, 
                    "shortest_values": [
                        "411 46 ST", 
                        "4 Fern Pl", 
                        "WILMOT RD", 
                        "ROUTE 172", 
                        "675 4 AVE"
                    ], 
                    "average_length": 18.891111354669004, 
                    "type": "TEXT", 
                    "longest_values": [
                        "BUILDING 350 JFK INTERNATIONAL AIRPORT", 
                        "28-11 QUEENS PLAZA NORTH  5TH FLOOR", 
                        "10 SOUTH ST,BATTERY MARITIME SLIP 7", 
                        "100-00 BEACH CHANNEL DRIVE  ROOM D1", 
                        "1 Metrotech Center North Suite 1004"
                    ]
                }
            ], 
            "number_empty_cells": 0, 
            "number_non_empty_cells": 18248, 
            "frequent_values": [
                "1980 LAFAYETTE AVENUE", 
                "3000 EAST TREMONT AVENUE", 
                "99 TERRACE VIEW AVENUE", 
                "800 EAST GUN HILL ROAD", 
                "6565 FLATLANDS AVENUE"
            ], 
            "number_distinct_values": 4021, 
            "column_name": "Street_Address"
        }, 
        {
            "data_type": [
                {
                    "count": 18248, 
                    "shortest_values": [
                        "Bronx", 
                        "Queens", 
                        "Nassau", 
                        "Brooklyn", 
                        "Manhattan"
                    ], 
                    "average_length": 7.569870670758439, 
                    "type": "TEXT", 
                    "longest_values": [
                        "Staten Island", 
                        "Connecticut", 
                        "Westchester", 
                        "New Jersey", 
                        "Manhattan"
                    ]
                }
            ], 
            "number_empty_cells": 0, 
            "number_non_empty_cells": 18248,