{
    "columns": [
        {
            "data_type": [
                {
                    "count": 26, 
                    "shortest_values": [
                        "SUS", 
                        "CCNS", 
                        "CAMBA", 
                        "HELP I", 
                        "HELP II"
                    ], 
                    "average_length": 10.0, 
                    "type": "TEXT", 
                    "longest_values": [
                        "RiseBoro Community Partnership", 
                        "Bronxworks", 
                        "ARCHNY II", 
                        "CAMBA II", 
                        "HELP III"
                    ]
                }
            ], 
            "number_empty_cells": 0, 
            "number_non_empty_cells": 26, 
            "frequent_values": [
                "CCNS", 
                "RiseBoro Community Partnership", 
                "ARCHNY II", 
                "Bronxworks", 
                "CAMBA I"
            ], 
            "number_distinct_values": 12, 
            "column_name": "Provider"
        }, 
        {
            "data_type": [
                {
                    "count": 3, 
                    "max_value": 11212, 
                    "min_value": 10456, 
                    "stddev": 356.38181771801993, 
                    "type": "INTEGER", 
                    "mean": 10960.0
                }, 
                {
                    "count": 23, 
                    "shortest_values": [
                        "Queens", 
                        "Manhattan", 
                        "10459, 10460", 
                        "10457, 10458", 
                        "Staten Island"
                    ], 
                    "average_length": 31.52173913043478, 
                    "type": "TEXT", 
                    "longest_values": [
                        "11204, 11209, 11210, 11214, 11218, 11219, 11220, 11223, 11224, 11226, 11228, 11229,11230,11232, 11235", 
                        "11201, 11205, 11213, 11215, 11216, 11217,11225, 11231, 11233, 11238", 
                        "11206, 11211, 11221, 11222, 11237, 11249, 11251", 
                        "11207, 11208, 11239, 11203, 11234, 11236", 
                        "10467, 10470, 10453, 10463, 10468, 10471"
                    ]
                }
            ], 
            "number_empty_cells": 0, 
            "number_non_empty_cells": 26, 
            "frequent_values": [
                "Queens", 
                "11201, 11205, 11213, 11215, 11216, 11217,11225, 11231, 11233, 11238", 
                "10461, 10464, 10465, 10466, 10469, 10475", 
                "Staten Island", 
                "11212"
            ], 
            "number_distinct_values": 17, 
            "column_name": "Service Area Zip Code"
        }, 
        {
            "data_type": [
                {
                    "count": 26, 
                    "shortest_values": [
                        "890 Garrison Ave, LL", 
                        "2322 3rd Ave, 3rd fl", 
                        "145 East 98st 2nd fl", 
                        "1875 Broadway, 1st fl", 
                        "815 Burke Ave, 1st fl"
                    ], 
                    "average_length": 25.423076923076923, 
                    "type": "TEXT", 
                    "longest_values": [
                        "120 Stuyvesant Place, 4th fl , Suite 413", 
                        "161-10 Jamaica Ave, 5th fl, Jamaica", 
                        "516 West 181st Street, 4th fl", 
                        "1860 East Tremont Ave, 1st fl", 
                        "4377 Bronx Boulevard, 3rd fl"
                    ]
                }
            ], 
            "number_empty_cells": 0, 
            "number_non_empty_cells": 26, 
            "frequent_values": [
                "90 Beaver Street, 1st fl", 
                "815 Burke Ave, 1st fl", 
                "209 Bay Street, 1st fl", 
                "630 Jackson Avenue, 2nd fl", 
                "1875 Broadway, 1st fl"
            ], 
            "number_distinct_values": 26, 
            "column_name": "Address"
        }, 
        {
            "data_type": [
                {
                    "count": 26, 
                    "shortest_values": [
                        "718-414-1050", 
                        "917-492-1019", 
                        "718-647-1015", 
                        "718-674-1000", 
                        "718-408-7181"
                    ], 
                    "average_length": 12.26923076923077, 
                    "type": "TEXT", 
                    "longest_values": [
                        "718-408-5756 x37100", 
                        "718-622-7323", 
                        "929-259-9430", 
                        "347-947-3920", 
                        "347-913-4694"
                    ]
                }
            ], 
            "number_empty_cells": 0, 
            "number_non_empty_cells": 26, 
            "frequent_values": [
                "917-819-3200", 
                "929-234-3036", 
                "917-492-1019", 
                "718-414-1050", 
                "718-993-2032"
            ], 
            "number_distinct_values": 23, 
            "column_name": "Phone Number"
        }, 
        {
            "data_type": [
                {
                    "count": 26, 
                    "max_value": 11691, 
                    "min_value": 10033, 
                    "stddev": 470.3821010688195, 
                    "type": "INTEGER", 
                    "mean": 10792.423076923076
                }
            ], 
            "number_empty_cells": 0, 
            "number_non_empty_cells": 26, 
            "frequent_values": [
                10301, 
                10467, 
                11207, 
                11432, 
                11213
            ], 
            "number_distinct_values": 23, 
            "column_name": "Postcode"
        }, 
        {
            "data_type": [
                {
                    "count": 26, 
                    "shortest_values": [
                        "BRONX", 
                        "QUEENS", 
                        "BROOKLYN", 
                        "MANHATTAN", 
                        "STATEN IS"
                    ], 
                    "average_length": 6.846153846153846, 
                    "type": "TEXT", 
                    "longest_values": [
                        "STATEN IS", 
                        "MANHATTAN", 
                        "BROOKLYN", 
                        "QUEENS", 
                        "BRONX"
                    ]
                }
            ], 
            "number_empty_cells": 0, 
            "number_non_empty_cells": 26, 
            "frequent_values": [
                "BROOKLYN", 
                "BRONX", 
                "QUEENS", 
                "MANHATTAN", 
                "STATEN IS"
            ], 
            "number_distinct_values": 5, 
            "column_name": "Borough"
        }, 
        {
            "data_type": [
                {
                    "count": 26, 
                    "max_value": 40, 
                    "min_value": 40, 
                    "stddev": 0.0, 
                    "type": "INTEGER", 
                    "mean": 40.0
                }
            ], 
            "number_empty_cells": 0, 
            "number_non_empty_cells": 26, 
            "frequent_values": [
                40.663654, 
                40.817285999999996, 
                40.699705, 
                40.698972999999995, 
                40.8406501
            ], 
            "number_distinct_values": 26, 
            "column_name": "Latitude"
        }, 
        {
            "data_type": [
                {
                    "count": 26, 
                    "max_value": -73, 
                    "min_value": -74, 
                    "stddev": 0.2664693550105965,