{
    "columns": [
        {
            "data_type": [
                {
                    "count": 857620, 
                    "shortest_values": [
                        "01M015", 
                        "22K234", 
                        "22K222", 
                        "22K217", 
                        "22K207"
                    ], 
                    "average_length": 6.0, 
                    "type": "TEXT", 
                    "longest_values": [
                        "79X695", 
                        "10X477", 
                        "10X344", 
                        "10X351", 
                        "10X353"
                    ]
                }
            ], 
            "number_empty_cells": 0, 
            "number_non_empty_cells": 857620, 
            "frequent_values": [
                "15K592", 
                "12X047", 
                "03M076", 
                "30Q166", 
                "18K135"
            ], 
            "number_distinct_values": 1681, 
            "column_name": "School"
        }, 
        {
            "data_type": [
                {
                    "count": 857620, 
                    "max_value": 20150626, 
                    "min_value": 20120906, 
                    "stddev": 9212.882067590252, 
                    "type": "INTEGER", 
                    "mean": 20136891.802751802
                }
            ], 
            "number_empty_cells": 0, 
            "number_non_empty_cells": 857620, 
            "frequent_values": [
                20150316, 
                20141211, 
                20140922, 
                20141022, 
                20150115
            ], 
            "number_distinct_values": 549, 
            "column_name": "Date"
        }, 
        {
            "data_type": [
                {
                    "count": 857620, 
                    "max_value": 20142015, 
                    "min_value": 20122013, 
                    "stddev": 8156.789704528002, 
                    "type": "INTEGER", 
                    "mean": 20132164.384664536
                }
            ], 
            "number_empty_cells": 0, 
            "number_non_empty_cells": 857620, 
            "frequent_values": [
                20142015, 
                20132014, 
                20122013
            ], 
            "number_distinct_values": 3, 
            "column_name": "SchoolYear"
        }, 
        {
            "data_type": [
                {
                    "count": 857620, 
                    "max_value": 5497, 
                    "min_value": 1, 
                    "stddev": 493.71113110544246, 
                    "type": "INTEGER", 
                    "mean": 606.0696812107926
                }
            ], 
            "number_empty_cells": 0, 
            "number_non_empty_cells": 857620, 
            "frequent_values": [
                348, 
                327, 
                464, 
                529, 
                526
            ], 
            "number_distinct_values": 4198, 
            "column_name": "Enrolled"
        }, 
        {
            "data_type": [
                {
                    "count": 857620, 
                    "max_value": 5421, 
                    "min_value": 1, 
                    "stddev": 460.058371620277, 
                    "type": "INTEGER", 
                    "mean": 550.5698421212192
                }
            ], 
            "number_empty_cells": 0, 
            "number_non_empty_cells": 857620, 
            "frequent_values": [
                328, 
                323, 
                326, 
                351, 
                347
            ], 
            "number_distinct_values": 4329, 
            "column_name": "Present"
        }, 
        {
            "data_type": [
                {
                    "count": 857620, 
                    "max_value": 3464, 
                    "min_value": 0, 
                    "stddev": 69.02396317831723, 
                    "type": "INTEGER", 
                    "mean": 52.78302278398358
                }
            ], 
            "number_empty_cells": 0, 
            "number_non_empty_cells": 857620, 
            "frequent_values": [
                22, 
                21, 
                19, 
                18, 
                25
            ], 
            "number_distinct_values": 1222, 
            "column_name": "Absent"
        }, 
        {
            "data_type": [
                {
                    "count": 857620, 
                    "max_value": 3824, 
                    "min_value": 0, 
                    "stddev": 30.24204312173951, 
                    "type": "INTEGER", 
                    "mean": 2.716816305589888
                }
            ], 
            "number_empty_cells": 0, 
            "number_non_empty_cells": 857620, 
            "frequent_values": [
                0, 
                1, 
                2, 
                36, 
                18
            ], 
            "number_distinct_values": 728, 
            "column_name": "Released"
        }
    ], 
    "dataset_name": "pffu-gbfi", 
    "key_column_candidates": []
}