{
    "columns": [
        {
            "data_type": [
                {
                    "count": 4081, 
                    "max_value": 5080080134, 
                    "min_value": 1000050010, 
                    "stddev": 1330887514.4237921, 
                    "type": "INTEGER", 
                    "mean": 2157780395.335457
                }
            ], 
            "number_empty_cells": 0, 
            "number_non_empty_cells": 4081, 
            "frequent_values": [
                4070210001, 
                1014800001, 
                4059000002, 
                1005500013, 
                5005930500
            ], 
            "number_distinct_values": 3875, 
            "column_name": "BBL"
        }, 
        {
            "data_type": [
                {
                    "count": 3291, 
                    "max_value": 12048, 
                    "min_value": 1, 
                    "stddev": 1267.598701429108, 
                    "type": "INTEGER", 
                    "mean": 762.2616226071103
                }, 
                {
                    "count": 742, 
                    "shortest_values": [
                        "1 1/2", 
                        "   182-20", 
                        "   180-05", 
                        "   184-10", 
                        "   184-60"
                    ], 
                    "average_length": 8.946091644204852, 
                    "type": "TEXT", 
                    "longest_values": [
                        "    59-10", 
                        "    37-10", 
                        "    72-50", 
                        "    69-95", 
                        "    59-40"
                    ]
                }
            ], 
            "number_empty_cells": 48, 
            "number_non_empty_cells": 4033, 
            "frequent_values": [
                "1", 
                "    8150A", 
                "100", 
                "15", 
                "300"
            ], 
            "number_distinct_values": 1887, 
            "column_name": "Street Number"
        }, 
        {
            "data_type": [
                {
                    "count": 4081, 
                    "shortest_values": [
                        "BOWERY", 
                        "AVENUE U", 
                        "BROADWAY", 
                        "AVENUE D", 
                        "PARK ROW"
                    ], 
                    "average_length": 16.152413624111738, 
                    "type": "TEXT", 
                    "longest_values": [
                        "CROPSEY AVENUE      ", 
                        "ADAMS STREET        ", 
                        "DR KAZIMIROFF BLVD  ", 
                        "HUDSON STREET       ", 
                        "WEST   51 STREET    "
                    ]
                }
            ], 
            "number_empty_cells": 0, 
            "number_non_empty_cells": 4081, 
            "frequent_values": [
                "BROADWAY", 
                "   5 AVENUE", 
                "MADISON AVENUE", 
                "   3 AVENUE", 
                "AVENUE OF THE AMER"
            ], 
            "number_distinct_values": 1537, 
            "column_name": "Street Name"
        }, 
        {
            "data_type": [
                {
                    "count": 4081, 
                    "shortest_values": [
                        "BRONX", 
                        "QUEENS", 
                        "BROOKLYN", 
                        "MANHATTAN", 
                        "STATEN ISLAND"
                    ], 
                    "average_length": 11.166870864984073, 
                    "type": "TEXT", 
                    "longest_values": [
                        "STATEN ISLAND       ", 
                        "QUEENS              ", 
                        "BROOKLYN            ", 
                        "BRONX               ", 
                        "STATEN ISLAND"
                    ]
                }
            ], 
            "number_empty_cells": 0, 
            "number_non_empty_cells": 4081, 
            "frequent_values": [
                "MANHATTAN", 
                "QUEENS              ", 
                "BROOKLYN", 
                "QUEENS", 
                "BROOKLYN            "
            ], 
            "number_distinct_values": 9, 
            "column_name": "Borough"
        }, 
        {
            "data_type": [
                {
                    "count": 4081, 
                    "max_value": 11695, 
                    "min_value": 0, 
                    "stddev": 1068.541088083446, 
                    "type": "INTEGER", 
                    "mean": 10438.736339132565
                }
            ], 
            "number_empty_cells": 0, 
            "number_non_empty_cells": 4081, 
            "frequent_values": [
                10001, 
                10018, 
                11101, 
                10019, 
                10036
            ], 
            "number_distinct_values": 177, 
            "column_name": "Postcode"
        }, 
        {
            "data_type": [
                {
                    "count": 4081, 
                    "shortest_values": [
                        "Yes", 
                        "No DOF Record as of 08/01/12"
                    ], 
                    "average_length": 12.403332516540063, 
                    "type": "TEXT", 
                    "longest_values": [
                        "No DOF Record as of 08/01/12", 
                        "Yes"
                    ]
                }
            ], 
            "number_empty_cells": 0, 
            "number_non_empty_cells": 4081, 
            "frequent_values": [
                "Yes", 
                "No DOF Record as of 08/01/12"
            ], 
            "number_distinct_values": 2, 
            "column_name": "Benchmarking Submission"
        }, 
        {
            "data_type": [
                {
                    "count": 2546, 
                    "max_value": 2650, 
                    "min_value": 1, 
                    "stddev": 738.3395674218054, 
                    "type": "INTEGER", 
                    "mean": 1265.1036920659858
                }
            ], 
            "number_empty_cells": 1535, 
            "number_non_empty_cells": 2546, 
            "frequent_values": [
                1203.0, 
                2058.0, 
                1914.0, 
                1465.0, 
                171.0
            ], 
            "number_distinct_values": 2512, 
            "column_name": "Entry Number"
        }, 
        {
            "data_type": [
                {
                    "count": 2319, 
                    "max_value": 160180, 
                    "min_value": 0, 
                    "stddev": 6992.74430892108, 
                    "type": "INTEGER", 
                    "mean": 625.9827511858559
                }
            ], 
            "number_empty_cells": 1762, 
            "number_non_empty_cells": 2319, 
            "frequent_values": [
                0.0, 
                65.9, 
                293.2, 
                25.4, 
                237.6
            ], 
            "number_distinct_values": 1307, 
            "column_name": "Site EUI"
        }, 
        {
            "data_type": [
                {
                    "count": 2319, 
                    "max_value": 202162, 
                    "min_value": 0, 
                    "stddev": 8536.685441071619, 
                    "type": "INTEGER", 
                    "mean": 868.2151789564467
                }
            ], 
            "number_empty_cells": 1762, 
            "number_non_empty_cells": 2319, 
            "frequent_values": [
                0.0, 
                220.2, 
                239.4, 
                84.8, 
                477.7
            ], 
            "number_distinct_values": 1688,