{
    "columns": [
        {
            "data_type": [
                {
                    "count": 2164, 
                    "max_value": 2166, 
                    "min_value": 1, 
                    "stddev": 625.1744674225318, 
                    "type": "INTEGER", 
                    "mean": 1082.909426987061
                }
            ], 
            "number_empty_cells": 0, 
            "number_non_empty_cells": 2164, 
            "frequent_values": [
                2047, 
                1336, 
                1308, 
                1310, 
                1312
            ], 
            "number_distinct_values": 2164, 
            "column_name": "OBJECTID"
        }, 
        {
            "data_type": [
                {
                    "count": 2164, 
                    "max_value": 5, 
                    "min_value": 1, 
                    "stddev": 1.0949833867689873, 
                    "type": "INTEGER", 
                    "mean": 2.9865988909426986
                }
            ], 
            "number_empty_cells": 0, 
            "number_non_empty_cells": 2164, 
            "frequent_values": [
                3, 
                4, 
                2, 
                1, 
                5
            ], 
            "number_distinct_values": 5, 
            "column_name": "BoroCode"
        }, 
        {
            "data_type": [
                {
                    "count": 2164, 
                    "max_value": 5032300, 
                    "min_value": 1000100, 
                    "stddev": 1106168.5711251837, 
                    "type": "INTEGER", 
                    "mean": 3027926.6631238447
                }
            ], 
            "number_empty_cells": 0, 
            "number_non_empty_cells": 2164, 
            "frequent_values": [
                4040900, 
                2022701, 
                3069000, 
                1025300, 
                4023200
            ], 
            "number_distinct_values": 2164, 
            "column_name": "BoroCT"
        }, 
        {
            "data_type": [
                {
                    "count": 2164, 
                    "max_value": 29794447, 
                    "min_value": 0, 
                    "stddev": 2730168.5015689824, 
                    "type": "INTEGER", 
                    "mean": 2528732.832255083
                }
            ], 
            "number_empty_cells": 0, 
            "number_non_empty_cells": 2164, 
            "frequent_values": [
                0.0, 
                433410.24, 
                579908.64, 
                1616515.0, 
                1046593.0
            ], 
            "number_distinct_values": 2162, 
            "column_name": "BldgArea"
        }, 
        {
            "data_type": [
                {
                    "count": 2164, 
                    "max_value": 13502016, 
                    "min_value": 0, 
                    "stddev": 1218170.5277478336, 
                    "type": "INTEGER", 
                    "mean": 1600635.8789279112
                }
            ], 
            "number_empty_cells": 0, 
            "number_non_empty_cells": 2164, 
            "frequent_values": [
                0.0, 
                1116915.0, 
                714076.0, 
                477871.0, 
                1551039.0
            ], 
            "number_distinct_values": 2128, 
            "column_name": "ResArea"
        }, 
        {
            "data_type": [
                {
                    "count": 2161, 
                    "max_value": 1, 
                    "min_value": 0, 
                    "stddev": 0.03723330437740304, 
                    "type": "INTEGER", 
                    "mean": 0.0013882461823229986
                }
            ], 
            "number_empty_cells": 3, 
            "number_non_empty_cells": 2161, 
            "frequent_values": [
                0.0, 
                1.0, 
                0.158227619, 
                0.848356275, 
                0.908835617
            ], 
            "number_distinct_values": 2126, 
            "column_name": "Res_pct"
        }, 
        {
            "data_type": [
                {
                    "count": 2164, 
                    "max_value": 27620, 
                    "min_value": 0, 
                    "stddev": 2205.858813698458, 
                    "type": "INTEGER", 
                    "mean": 3812.8142329020334
                }
            ], 
            "number_empty_cells": 0, 
            "number_non_empty_cells": 2164, 
            "frequent_values": [
                0, 
                4275, 
                1840, 
                2575, 
                3710
            ], 
            "number_distinct_values": 1086, 
            "column_name": "TotalPop"
        }, 
        {
            "data_type": [
                {
                    "count": 2164, 
                    "max_value": 15755, 
                    "min_value": 0, 
                    "stddev": 1632.2300075269015, 
                    "type": "INTEGER", 
                    "mean": 2237.644639556377
                }
            ], 
            "number_empty_cells": 0, 
            "number_non_empty_cells": 2164, 
            "frequent_values": [
                0, 
                880, 
                995, 
                2030, 
                985
            ], 
            "number_distinct_values": 899, 
            "column_name": "LowMod_Population"
        }, 
        {
            "data_type": [
                {
                    "count": 2115, 
                    "max_value": 1, 
                    "min_value": 0, 
                    "stddev": 0.0376354586139616, 
                    "type": "INTEGER", 
                    "mean": 0.0014184397163120568
                }
            ], 
            "number_empty_cells": 49, 
            "number_non_empty_cells": 2115, 
            "frequent_values": [
                0.666666667, 
                0.2, 
                0.5, 
                0.0, 
                1.0
            ], 
            "number_distinct_values": 2066, 
            "column_name": "LoMod_pct"
        }, 
        {
            "data_type": [
                {
                    "count": 2164, 
                    "shortest_values": [
                        "Ineligible", 
                        "CD Eligible"
                    ], 
                    "average_length": 10.539279112754159, 
                    "type": "TEXT", 
                    "longest_values": [
                        "CD Eligible", 
                        "Ineligible"
                    ]
                }
            ], 
            "number_empty_cells": 0, 
            "number_non_empty_cells": 2164, 
            "frequent_values": [
                "CD Eligible", 
                "Ineligible"
            ], 
            "number_distinct_values": 2, 
            "column_name": "Eligibility"
        }, 
        {
            "data_type": [
                {
                    "count": 2164, 
                    "max_value": 5032300, 
                    "min_value": 1000100, 
                    "stddev": 1106168.5711251837, 
                    "type": "INTEGER", 
                    "mean": 3027926.6631238447
                }
            ], 
            "number_empty_cells": 0, 
            "number_non_empty_cells": 2164, 
            "frequent_values": [
                4040900, 
                2022701, 
                3069000, 
                1025300, 
                4023200
            ], 
            "number_distinct_values": 2164, 
            "column_name": "CT_text"
        }
    ], 
    "dataset_name": "qmcw-ur37", 
    "key_column_candidates": []
}