{
    "columns": [
        {
            "data_type": [
                {
                    "count": 166232, 
                    "max_value": 228206, 
                    "min_value": 6710, 
                    "stddev": 59369.95652672647, 
                    "type": "INTEGER", 
                    "mean": 133014.6392271043
                }
            ], 
            "number_empty_cells": 0, 
            "number_non_empty_cells": 166232, 
            "frequent_values": [
                222778, 
                120780, 
                122621, 
                121634, 
                122035
            ], 
            "number_distinct_values": 159537, 
            "column_name": "ID"
        }, 
        {
            "data_type": [
                {
                    "count": 166232, 
                    "max_value": 50003666, 
                    "min_value": 15, 
                    "stddev": 23913726.24611594, 
                    "type": "INTEGER", 
                    "mean": 17706418.52990399
                }
            ], 
            "number_empty_cells": 0, 
            "number_non_empty_cells": 166232, 
            "frequent_values": [
                50003666, 
                101, 
                87, 
                103, 
                108
            ], 
            "number_distinct_values": 61, 
            "column_name": "SURVEY_NUMBER"
        }, 
        {
            "data_type": [
                {
                    "count": 166232, 
                    "max_value": 90011444, 
                    "min_value": 1, 
                    "stddev": 43161201.309944645, 
                    "type": "INTEGER", 
                    "mean": 57738309.959159486
                }
            ], 
            "number_empty_cells": 0, 
            "number_non_empty_cells": 166232, 
            "frequent_values": [
                90008631, 
                5774, 
                2000, 
                90002829, 
                90003876
            ], 
            "number_distinct_values": 19844, 
            "column_name": "SURVEY_INSTANCE_ID"
        }, 
        {
            "data_type": [
                {
                    "count": 166232, 
                    "shortest_values": [
                        "Partial", 
                        "Complete"
                    ], 
                    "average_length": 7.9977982578564895, 
                    "type": "TEXT", 
                    "longest_values": [
                        "Complete", 
                        "Partial"
                    ]
                }
            ], 
            "number_empty_cells": 0, 
            "number_non_empty_cells": 166232, 
            "frequent_values": [
                "Complete", 
                "Partial"
            ], 
            "number_distinct_values": 2, 
            "column_name": "SURVEY_STATUS"
        }, 
        {
            "data_type": [
                {
                    "count": 166163, 
                    "shortest_values": [
                        "Urdu", 
                        "Korean", 
                        "Arabic", 
                        "Polish", 
                        "French"
                    ], 
                    "average_length": 7.001077255466019, 
                    "type": "TEXT", 
                    "longest_values": [
                        "Chinese (simplified)", 
                        "Haitian", 
                        "Bengali", 
                        "Russian", 
                        "Chinese"
                    ]
                }
            ], 
            "number_empty_cells": 69, 
            "number_non_empty_cells": 166163, 
            "frequent_values": [
                "English", 
                "Spanish", 
                "Chinese", 
                "Russian", 
                "Korean"
            ], 
            "number_distinct_values": 12, 
            "column_name": "SURVEY_LANGUAGE"
        }, 
        {
            "data_type": [
                {
                    "count": 147301, 
                    "max_value": "9019-04-18 00:00:00", 
                    "min_value": "0007-05-14 00:00:00", 
                    "type": "DATE/TIME"
                }
            ], 
            "number_empty_cells": 18931, 
            "number_non_empty_cells": 147301, 
            "frequent_values": [
                "08/05/2019", 
                "02/07/2019", 
                "01/23/2019", 
                "08/02/2019", 
                "09/10/2019"
            ], 
            "number_distinct_values": 1341, 
            "column_name": "DT_SUBMITTED"
        }, 
        {
            "data_type": [
                {
                    "count": 166232, 
                    "shortest_values": [
                        "Are you intersex?", 
                        "How well do you speak English?", 
                        "What service did you apply for?", 
                        "What is your sexual orientation?", 
                        "What sex were you given at birth?"
                    ], 
                    "average_length": 38.7718730449011, 
                    "type": "TEXT", 
                    "longest_values": [
                        "What NYC agency did you apply for services with today?", 
                        "10a. If you are intersex, please select from below.", 
                        "What ancestries or heritages do you identify with?", 
                        "What races or ethnicities do you identify with?", 
                        "Has anyone in your household served Write in:"
                    ]
                }
            ], 
            "number_empty_cells": 0, 
            "number_non_empty_cells": 166232, 
            "frequent_values": [
                "Do you want to answer the questions?", 
                "What NYC agency did you apply for services with today?", 
                "What ancestries or heritages do you identify with?", 
                "What service did you apply for?", 
                "What races or ethnicities do you identify with?"
            ], 
            "number_distinct_values": 14, 
            "column_name": "QUESTION"
        }, 
        {
            "data_type": [
                {
                    "count": 166227, 
                    "shortest_values": [
                        "V", 
                        "Z", 
                        "C", 
                        "j", 
                        "P"
                    ], 
                    "average_length": 16.311616043121756, 
                    "type": "TEXT", 
                    "longest_values": [
                        "Asian / Pacific Islander not listed Write-in: Asian / Pacific Islander not listed (write-in optional)", 
                        "Hispanic or Latino not listed Write-in: Hispanic or Latino not listed (write-in optional)", 
                        "African / Subsaharan African Write-in: African / Subsaharan African (write-in optional)", 
                        "Another sexual orientation - Write-in: Another sexual orientation - (write-in optional)", 
                        "European not listed ( write-in optional)European not listed ( write-in optional)"
                    ]
                }
            ], 
            "number_empty_cells": 5, 
            "number_non_empty_cells": 166227, 
            "frequent_values": [
                "No", 
                "Female", 
                "Yes", 
                "English", 
                "HRA - Human Resources Administration / Social Services"
            ], 
            "number_distinct_values": 3441, 
            "column_name": "ANSWER"
        }, 
        {
            "data_type": [
                {
                    "count": 166232, 
                    "max_value": 1, 
                    "min_value": 0, 
                    "stddev": 0.19494953626674869, 
                    "type": "INTEGER",