{
    "columns": [
        {
            "data_type": [
                {
                    "count": 51, 
                    "max_value": 11696, 
                    "min_value": 10300, 
                    "stddev": 264.69044108920605, 
                    "type": "INTEGER", 
                    "mean": 11323.43137254902
                }, 
                {
                    "count": 964, 
                    "shortest_values": [
                        "11370(40.75935377086, -73.8918440004)", 
                        "11361(40.764188848137, -73.7723255286)", 
                        "10460(40.843090348041, -73.87860282506)", 
                        "11432(40.71311535449, -73.792820999789)", 
                        "11105(40.780092072491, -73.90960650024)"
                    ], 
                    "average_length": 39.79979253112033, 
                    "type": "TEXT", 
                    "longest_values": [
                        "10285(40.711871000346, -74.014402999998)", 
                        "10302(40.630833311108, -74.137734298699)", 
                        "10469(40.868181802748, -73.846568687795)", 
                        "11216(40.680758670876, -73.949267750906)", 
                        "11416(40.684578097002, -73.849601668482)"
                    ]
                }
            ], 
            "number_empty_cells": 0, 
            "number_non_empty_cells": 1015, 
            "frequent_values": [
                "11427(40.729310574324, -73.750676021281)", 
                "11432(40.71311535449, -73.792820999789)", 
                "11377(40.745193764481, -73.90484714408)", 
                "11423(40.717222295672, -73.76714149998)", 
                "11435(40.701192649122, -73.809796655791)"
            ], 
            "number_distinct_values": 231, 
            "column_name": "Zip Code"
        }, 
        {
            "data_type": [
                {
                    "count": 1015, 
                    "shortest_values": [
                        "Commercial", 
                        "Industrial", 
                        "Residential", 
                        "Institutional", 
                        "Large residential"
                    ], 
                    "average_length": 12.432512315270936, 
                    "type": "TEXT", 
                    "longest_values": [
                        "Large Residential", 
                        "Small residential", 
                        "Large residential", 
                        "Institutional", 
                        "Residential"
                    ]
                }
            ], 
            "number_empty_cells": 0, 
            "number_non_empty_cells": 1015, 
            "frequent_values": [
                "Commercial", 
                "Residential", 
                "Small residential", 
                "Institutional", 
                "Large residential"
            ], 
            "number_distinct_values": 7, 
            "column_name": "Building type (service class"
        }, 
        {
            "data_type": [
                {
                    "count": 1005, 
                    "max_value": 42747652, 
                    "min_value": 1, 
                    "stddev": 4295123.682071194, 
                    "type": "INTEGER", 
                    "mean": 2750243.6577114426
                }
            ], 
            "number_empty_cells": 10, 
            "number_non_empty_cells": 1005, 
            "frequent_values": [
                508926.0, 
                51911.0, 
                115795.0, 
                3604096.0, 
                1488168.0
            ], 
            "number_distinct_values": 1005, 
            "column_name": " Consumption (therms) "
        }, 
        {
            "data_type": [
                {
                    "count": 1005, 
                    "max_value": 4510117, 
                    "min_value": 0, 
                    "stddev": 453159.60935834626, 
                    "type": "INTEGER", 
                    "mean": 290166.10447761195
                }
            ], 
            "number_empty_cells": 10, 
            "number_non_empty_cells": 1005, 
            "frequent_values": [
                219.0, 
                2307.0, 
                119.0, 
                187.0, 
                14882.0
            ], 
            "number_distinct_values": 999, 
            "column_name": " Consumption (GJ) "
        }, 
        {
            "data_type": [
                {
                    "count": 1015, 
                    "shortest_values": [
                        "ConEd", 
                        "National Grid"
                    ], 
                    "average_length": 8.917241379310346, 
                    "type": "TEXT", 
                    "longest_values": [
                        "National Grid", 
                        "ConEd"
                    ]
                }
            ], 
            "number_empty_cells": 0, 
            "number_non_empty_cells": 1015, 
            "frequent_values": [
                "ConEd", 
                "National Grid"
            ], 
            "number_distinct_values": 2, 
            "column_name": "Utility/Data Source"
        }
    ], 
    "dataset_name": "uedp-fegm", 
    "key_column_candidates": []
}