{
    "columns": [
        {
            "data_type": [
                {
                    "count": 1828561, 
                    "max_value": 9719472, 
                    "min_value": 0, 
                    "stddev": 818834.7916913193, 
                    "type": "INTEGER", 
                    "mean": 8341925.387848697
                }
            ], 
            "number_empty_cells": 0, 
            "number_non_empty_cells": 1828561, 
            "frequent_values": [
                8390655, 
                8070592, 
                7888303, 
                7906736, 
                7908785
            ], 
            "number_distinct_values": 1828561, 
            "column_name": "ComplaintID"
        }, 
        {
            "data_type": [
                {
                    "count": 1828561, 
                    "max_value": 991903, 
                    "min_value": 1, 
                    "stddev": 272985.16087970766, 
                    "type": "INTEGER", 
                    "mean": 271779.9695531076
                }
            ], 
            "number_empty_cells": 0, 
            "number_non_empty_cells": 1828561, 
            "frequent_values": [
                811407, 
                51000, 
                6131, 
                370489, 
                73929
            ], 
            "number_distinct_values": 120545, 
            "column_name": "BuildingID"
        }, 
        {
            "data_type": [
                {
                    "count": 1828561, 
                    "max_value": 5, 
                    "min_value": 1, 
                    "stddev": 1.0145492431322387, 
                    "type": "INTEGER", 
                    "mean": 2.3995737631941183
                }
            ], 
            "number_empty_cells": 0, 
            "number_non_empty_cells": 1828561, 
            "frequent_values": [
                3, 
                2, 
                1, 
                4, 
                5
            ], 
            "number_distinct_values": 5, 
            "column_name": "BoroughID"
        }, 
        {
            "data_type": [
                {
                    "count": 1828561, 
                    "shortest_values": [
                        "BRONX", 
                        "QUEENS", 
                        "BROOKLYN", 
                        "MANHATTAN", 
                        "STATEN ISLAND"
                    ], 
                    "average_length": 7.10082026249056, 
                    "type": "TEXT", 
                    "longest_values": [
                        "STATEN ISLAND", 
                        "MANHATTAN", 
                        "BROOKLYN", 
                        "QUEENS", 
                        "BRONX"
                    ]
                }
            ], 
            "number_empty_cells": 0, 
            "number_non_empty_cells": 1828561, 
            "frequent_values": [
                "BROOKLYN", 
                "BRONX", 
                "MANHATTAN", 
                "QUEENS", 
                "STATEN ISLAND"
            ], 
            "number_distinct_values": 5, 
            "column_name": "Borough"
        }, 
        {
            "data_type": [
                {
                    "count": 1601220, 
                    "max_value": 12697, 
                    "min_value": 1, 
                    "stddev": 1417.861437576694, 
                    "type": "INTEGER", 
                    "mean": 1227.9524949725835
                }, 
                {
                    "count": 4, 
                    "max_value": 0.537, 
                    "min_value": 0.537, 
                    "stddev": 0.0, 
                    "type": "REAL", 
                    "mean": 0.537
                }, 
                {
                    "count": 227337, 
                    "shortest_values": [
                        "5A", 
                        "8B", 
                        "6A", 
                        "5B", 
                        "7A"
                    ], 
                    "average_length": 5.309210555254974, 
                    "type": "TEXT", 
                    "longest_values": [
                        "188-12 REAR", 
                        "1337 FRONT", 
                        "2187 FRONT", 
                        "66-12 REAR", 
                        "13-67FRONT"
                    ]
                }
            ], 
            "number_empty_cells": 0, 
            "number_non_empty_cells": 1828561, 
            "frequent_values": [
                "89-21", 
                "1025", 
                "34", 
                "30", 
                "410"
            ], 
            "number_distinct_values": 17471, 
            "column_name": "HouseNumber"
        }, 
        {
            "data_type": [
                {
                    "count": 1828561, 
                    "shortest_values": [
                        "ANON", 
                        "10 ST", 
                        "90 AVE", 
                        "BOWERY", 
                        "141 ST"
                    ], 
                    "average_length": 13.796926654347326, 
                    "type": "TEXT", 
                    "longest_values": [
                        "GREENPOINT AV BR OVR NEWTOWN CRK", 
                        "FREDERICK DOUGLASS BOULEVARDUMMY", 
                        "ADAM CLAYTON POWELL JR BOULEVARD", 
                        "SUPERIOR RD OV BELT CROSS IS PY", 
                        "HOR HARDING EXPRESSWAY SR NORTH"
                    ]
                }
            ], 
            "number_empty_cells": 0, 
            "number_non_empty_cells": 1828561, 
            "frequent_values": [
                "GRAND CONCOURSE", 
                "BROADWAY", 
                "OCEAN AVENUE", 
                "MORRIS AVENUE", 
                "ST NICHOLAS AVENUE"
            ], 
            "number_distinct_values": 5387, 
            "column_name": "StreetName"
        }, 
        {
            "data_type": [
                {
                    "count": 1826839, 
                    "max_value": 11697, 
                    "min_value": 1901, 
                    "stddev": 519.9778243525141, 
                    "type": "INTEGER", 
                    "mean": 10726.148189304038
                }, 
                {
                    "count": 3, 
                    "shortest_values": [
                        " ", 
                        "11213A"
                    ], 
                    "average_length": 2.6666666666666665, 
                    "type": "TEXT", 
                    "longest_values": [
                        "11213A", 
                        " "
                    ]
                }
            ], 
            "number_empty_cells": 1719, 
            "number_non_empty_cells": 1826842, 
            "frequent_values": [
                11226.0, 
                10458.0, 
                10467.0, 
                10453.0, 
                10468.0
            ], 
            "number_distinct_values": 390, 
            "column_name": "Zip"
        }, 
        {
            "data_type": [
                {
                    "count": 1828561, 
                    "max_value": 20094, 
                    "min_value": 0, 
                    "stddev": 2623.5470781827266, 
                    "type": "INTEGER", 
                    "mean": 3473.7129989100717
                }
            ], 
            "number_empty_cells": 0, 
            "number_non_empty_cells": 1828561, 
            "frequent_values": [
                1511, 
                2174, 
                3714, 
                3944, 
                1918
            ], 
            "number_distinct_values": 11813, 
            "column_name": "Block"
        }, 
        {
            "data_type": [
                {
                    "count": 1828561, 
                    "max_value": 9999, 
                    "min_value": 0,