{
    "columns": [
        {
            "data_type": [
                {
                    "count": 831800, 
                    "shortest_values": [
                        "01M015", 
                        "22K139", 
                        "22K134", 
                        "22K119", 
                        "22K109"
                    ], 
                    "average_length": 6.0, 
                    "type": "TEXT", 
                    "longest_values": [
                        "79X695", 
                        "10X396", 
                        "10X342", 
                        "10X344", 
                        "10X360"
                    ]
                }
            ], 
            "number_empty_cells": 0, 
            "number_non_empty_cells": 831800, 
            "frequent_values": [
                "28Q099", 
                "15K038", 
                "15K029", 
                "17K249", 
                "10X159"
            ], 
            "number_distinct_values": 1622, 
            "column_name": "School"
        }, 
        {
            "data_type": [
                {
                    "count": 831800, 
                    "max_value": 20120627, 
                    "min_value": 20090909, 
                    "stddev": 9374.498295698562, 
                    "type": "INTEGER", 
                    "mean": 20106814.87174441
                }
            ], 
            "number_empty_cells": 0, 
            "number_non_empty_cells": 831800, 
            "frequent_values": [
                20120105, 
                20111004, 
                20120229, 
                20111121, 
                20111122
            ], 
            "number_distinct_values": 550, 
            "column_name": "Date"
        }, 
        {
            "data_type": [
                {
                    "count": 831800, 
                    "max_value": 20112012, 
                    "min_value": 20092010, 
                    "stddev": 8173.964993119546, 
                    "type": "INTEGER", 
                    "mean": 20102124.82479803
                }
            ], 
            "number_empty_cells": 0, 
            "number_non_empty_cells": 831800, 
            "frequent_values": [
                20112012, 
                20102011, 
                20092010
            ], 
            "number_distinct_values": 3, 
            "column_name": "SchoolYear"
        }, 
        {
            "data_type": [
                {
                    "count": 831800, 
                    "max_value": 5353, 
                    "min_value": 1, 
                    "stddev": 519.8172575261747, 
                    "type": "INTEGER", 
                    "mean": 631.5882459725896
                }
            ], 
            "number_empty_cells": 0, 
            "number_non_empty_cells": 831800, 
            "frequent_values": [
                387, 
                408, 
                410, 
                388, 
                389
            ], 
            "number_distinct_values": 4418, 
            "column_name": "Enrolled"
        }, 
        {
            "data_type": [
                {
                    "count": 831800, 
                    "max_value": 5272, 
                    "min_value": 1, 
                    "stddev": 474.7302207730411, 
                    "type": "INTEGER", 
                    "mean": 572.1862418850685
                }
            ], 
            "number_empty_cells": 0, 
            "number_non_empty_cells": 831800, 
            "frequent_values": [
                372, 
                374, 
                370, 
                366, 
                361
            ], 
            "number_distinct_values": 4493, 
            "column_name": "Present"
        }, 
        {
            "data_type": [
                {
                    "count": 831800, 
                    "max_value": 3729, 
                    "min_value": 0, 
                    "stddev": 80.56932095235054, 
                    "type": "INTEGER", 
                    "mean": 56.795271699927866
                }
            ], 
            "number_empty_cells": 0, 
            "number_non_empty_cells": 831800, 
            "frequent_values": [
                22, 
                24, 
                27, 
                23, 
                25
            ], 
            "number_distinct_values": 1390, 
            "column_name": "Absent"
        }, 
        {
            "data_type": [
                {
                    "count": 831800, 
                    "max_value": 5279, 
                    "min_value": 0, 
                    "stddev": 34.1877438230211, 
                    "type": "INTEGER", 
                    "mean": 2.6067323875931714
                }
            ], 
            "number_empty_cells": 0, 
            "number_non_empty_cells": 831800, 
            "frequent_values": [
                0, 
                36, 
                18, 
                1, 
                35
            ], 
            "number_distinct_values": 811, 
            "column_name": "Released"
        }
    ], 
    "dataset_name": "wpqj-3buw", 
    "key_column_candidates": []
}