{
    "columns": [
        {
            "data_type": [
                {
                    "count": 277153, 
                    "shortest_values": [
                        "01M015", 
                        "23K156", 
                        "23K155", 
                        "23K150", 
                        "23K137"
                    ], 
                    "average_length": 6.0, 
                    "type": "TEXT", 
                    "longest_values": [
                        "79X695", 
                        "10X390", 
                        "10X396", 
                        "10X397", 
                        "10X433"
                    ]
                }
            ], 
            "number_empty_cells": 0, 
            "number_non_empty_cells": 277153, 
            "frequent_values": [
                "28Q896", 
                "19K422", 
                "27Q309", 
                "03M291", 
                "02M260"
            ], 
            "number_distinct_values": 1583, 
            "column_name": "School DBN"
        }, 
        {
            "data_type": [
                {
                    "count": 277153, 
                    "max_value": 20190626, 
                    "min_value": 20180904, 
                    "stddev": 4555.404318981754, 
                    "type": "INTEGER", 
                    "mean": 20186649.077827048
                }
            ], 
            "number_empty_cells": 0, 
            "number_non_empty_cells": 277153, 
            "frequent_values": [
                20180905, 
                20181005, 
                20180906, 
                20180914, 
                20180912
            ], 
            "number_distinct_values": 185, 
            "column_name": "Date"
        }, 
        {
            "data_type": [
                {
                    "count": 277153, 
                    "max_value": 5955, 
                    "min_value": 1, 
                    "stddev": 482.9087888648993, 
                    "type": "INTEGER", 
                    "mean": 596.986170093775
                }
            ], 
            "number_empty_cells": 0, 
            "number_non_empty_cells": 277153, 
            "frequent_values": [
                295, 
                362, 
                399, 
                412, 
                475
            ], 
            "number_distinct_values": 3102, 
            "column_name": "Enrolled"
        }, 
        {
            "data_type": [
                {
                    "count": 277153, 
                    "max_value": 2151, 
                    "min_value": 0, 
                    "stddev": 54.32957303798583, 
                    "type": "INTEGER", 
                    "mean": 50.50353775712332
                }
            ], 
            "number_empty_cells": 0, 
            "number_non_empty_cells": 277153, 
            "frequent_values": [
                25, 
                27, 
                23, 
                21, 
                26
            ], 
            "number_distinct_values": 747, 
            "column_name": "Absent"
        }, 
        {
            "data_type": [
                {
                    "count": 277153, 
                    "max_value": 5847, 
                    "min_value": 1, 
                    "stddev": 452.9694954205658, 
                    "type": "INTEGER", 
                    "mean": 544.4994028569057
                }
            ], 
            "number_empty_cells": 0, 
            "number_non_empty_cells": 277153, 
            "frequent_values": [
                384, 
                322, 
                329, 
                388, 
                284
            ], 
            "number_distinct_values": 3727, 
            "column_name": "Present"
        }, 
        {
            "data_type": [
                {
                    "count": 277153, 
                    "max_value": 5904, 
                    "min_value": 0, 
                    "stddev": 35.11444729853569, 
                    "type": "INTEGER", 
                    "mean": 1.9832294797458443
                }
            ], 
            "number_empty_cells": 0, 
            "number_non_empty_cells": 277153, 
            "frequent_values": [
                0, 
                1, 
                2, 
                3, 
                4
            ], 
            "number_distinct_values": 482, 
            "column_name": "Released"
        }
    ], 
    "dataset_name": "x3bb-kg5j", 
    "key_column_candidates": []
}