{
    "columns": [
        {
            "data_type": [
                {
                    "count": 806851, 
                    "shortest_values": [
                        "01M015", 
                        "22K255", 
                        "22K254", 
                        "22K251", 
                        "22K245"
                    ], 
                    "average_length": 6.0, 
                    "type": "TEXT", 
                    "longest_values": [
                        "79X921", 
                        "10X414", 
                        "10X433", 
                        "10X434", 
                        "10X435"
                    ]
                }
            ], 
            "number_empty_cells": 0, 
            "number_non_empty_cells": 806851, 
            "frequent_values": [
                "13K412", 
                "02M255", 
                "22K195", 
                "22K198", 
                "12X211"
            ], 
            "number_distinct_values": 1594, 
            "column_name": "School"
        }, 
        {
            "data_type": [
                {
                    "count": 806851, 
                    "max_value": 20090626, 
                    "min_value": 20060905, 
                    "stddev": 9342.45192735258, 
                    "type": "INTEGER", 
                    "mean": 20076667.33672512
                }
            ], 
            "number_empty_cells": 0, 
            "number_non_empty_cells": 806851, 
            "frequent_values": [
                20081222, 
                20081201, 
                20081202, 
                20081209, 
                20081029
            ], 
            "number_distinct_values": 557, 
            "column_name": "Date"
        }, 
        {
            "data_type": [
                {
                    "count": 806851, 
                    "max_value": 20082009, 
                    "min_value": 20062007, 
                    "stddev": 8160.723392502767, 
                    "type": "INTEGER", 
                    "mean": 20072059.761943653
                }
            ], 
            "number_empty_cells": 0, 
            "number_non_empty_cells": 806851, 
            "frequent_values": [
                20082009, 
                20072008, 
                20062007
            ], 
            "number_distinct_values": 3, 
            "column_name": "SchoolYear"
        }, 
        {
            "data_type": [
                {
                    "count": 806851, 
                    "max_value": 4685, 
                    "min_value": 1, 
                    "stddev": 550.1228285402178, 
                    "type": "INTEGER", 
                    "mean": 658.528910542343
                }
            ], 
            "number_empty_cells": 0, 
            "number_non_empty_cells": 806851, 
            "frequent_values": [
                427, 
                419, 
                428, 
                380, 
                426
            ], 
            "number_distinct_values": 4571, 
            "column_name": "Enrolled"
        }, 
        {
            "data_type": [
                {
                    "count": 806851, 
                    "max_value": 4607, 
                    "min_value": 1, 
                    "stddev": 485.9385825601646, 
                    "type": "INTEGER", 
                    "mean": 588.9474872064359
                }
            ], 
            "number_empty_cells": 0, 
            "number_non_empty_cells": 806851, 
            "frequent_values": [
                1, 
                406, 
                397, 
                399, 
                402
            ], 
            "number_distinct_values": 4353, 
            "column_name": "Present"
        }, 
        {
            "data_type": [
                {
                    "count": 806851, 
                    "max_value": 3511, 
                    "min_value": 0, 
                    "stddev": 98.82079213635326, 
                    "type": "INTEGER", 
                    "mean": 67.0803283381938
                }
            ], 
            "number_empty_cells": 0, 
            "number_non_empty_cells": 806851, 
            "frequent_values": [
                29, 
                28, 
                27, 
                32, 
                26
            ], 
            "number_distinct_values": 1496, 
            "column_name": "Absent"
        }, 
        {
            "data_type": [
                {
                    "count": 806851, 
                    "max_value": 3928, 
                    "min_value": 0, 
                    "stddev": 32.826378418406584, 
                    "type": "INTEGER", 
                    "mean": 2.5010949977133325
                }
            ], 
            "number_empty_cells": 0, 
            "number_non_empty_cells": 806851, 
            "frequent_values": [
                0, 
                18, 
                36, 
                35, 
                1
            ], 
            "number_distinct_values": 725, 
            "column_name": "Released"
        }
    ], 
    "dataset_name": "xwxx-rnki", 
    "key_column_candidates": []
}