{
    "dataset_name": "2pmt-skyq",
    "columns": [
        {
            "column_name": "ZIP",
            "number_non_empty_cells": 102,
            "number_empty_cells": 0,
            "number_distinct_values": 33,
            "frequent_values": [
                "10019(40.76761164716, -73.991805500224)",
                "10017(40.752456527447, -73.97297648088)",
                "10022(40.758630224006, -73.96809182218)",
                "10021(40.769205327664, -73.959183941086)",
                "10001(40.750259021437, -73.99688630376)"
            ],
            "data_type": [
                {
                    "type": "INTEGER",
                    "count": 1,
                    "max_value": 10048,
                    "min_value": 10048,
                    "mean": 10048.0,
                    "stddev": 0.0
                },
                {
                    "type": "TEXT",
                    "count": 101,
                    "shortest_values": [
                        [
                            "10019(40.76761164716, -73.991805500224)",
                            39
                        ],
                        [
                            "10017(40.752456527447, -73.97297648088)",
                            39
                        ],
                        [
                            "10017(40.752456527447, -73.97297648088)",
                            39
                        ],
                        [
                            "10022(40.758630224006, -73.96809182218)",
                            39
                        ],
                        [
                            "10001(40.750259021437, -73.99688630376)",
                            39
                        ]
                    ],
                    "longest_values": [
                        [
                            "10038(40.709359291898, -74.003071862376)",
                            40
                        ],
                        [
                            "10038(40.709359291898, -74.003071862376)",
                            40
                        ],
                        [
                            "10013(40.721242188776, -74.008889000227)",
                            40
                        ],
                        [
                            "10038(40.709359291898, -74.003071862376)",
                            40
                        ],
                        [
                            "10007(40.713630519433, -74.009131383706)",
                            40
                        ]
                    ],
                    "average_length": 39.722772277227726
                }
            ],
            "semantic_types": []
        },
        {
            "column_name": "Building type (service class)",
            "number_non_empty_cells": 102,
            "number_empty_cells": 0,
            "number_distinct_values": 2,
            "frequent_values": [
                "Commercial",
                "Large Residential"
            ],
            "data_type": [
                {
                    "type": "TEXT",
                    "count": 102,
                    "shortest_values": [
                        [
                            "Commercial",
                            10
                        ],
                        [
                            "Commercial",
                            10
                        ],
                        [
                            "Commercial",
                            10
                        ],
                        [
                            "Commercial",
                            10
                        ],
                        [
                            "Commercial",
                            10
                        ]
                    ],
                    "longest_values": [
                        [
                            "Large Residential",
                            17
                        ],
                        [
                            "Large Residential",
                            17
                        ],
                        [
                            "Large Residential",
                            17
                        ],
                        [
                            "Large Residential",
                            17
                        ],
                        [
                            "Large Residential",
                            17
                        ]
                    ],
                    "average_length": 12.058823529411764
                }
            ],
            "semantic_types": []
        },
        {
            "column_name": " Consumption (mlbs) ",
            "number_non_empty_cells": 102,
            "number_empty_cells": 0,
            "number_distinct_values": 102,
            "frequent_values": [
                "72117",
                "12944",
                "238716",
                "9492",
                "102786"
            ],
            "data_type": [
                {
                    "type": "INTEGER",
                    "count": 102,
                    "max_value": 6839913,
                    "min_value": 227,
                    "mean": 228457.33333333334,
                    "stddev": 731475.5364742024
                }
            ],
            "semantic_types": []
        },
        {
            "column_name": " Consumption (Mg) ",
            "number_non_empty_cells": 102,
            "number_empty_cells": 0,
            "number_distinct_values": 102,
            "frequent_values": [
                "32712",
                "5871",
                "108280",
                "4305",
                "46623"
            ],
            "data_type": [
                {
                    "type": "INTEGER",
                    "count": 102,
                    "max_value": 3102533,
                    "min_value": 103,
                    "mean": 103626.48039215687,
                    "stddev": 331791.77299601305
                }
            ],
            "semantic_types": []
        },
        {
            "column_name": "Utility/Data Source",
            "number_non_empty_cells": 102,
            "number_empty_cells": 0,
            "number_distinct_values": 1,
            "frequent_values": [
                "ConEd"
            ],
            "data_type": [
                {
                    "type": "TEXT",
                    "count": 102,
                    "shortest_values": [
                        [
                            "ConEd",
                            5
                        ],
                        [
                            "ConEd",
                            5
                        ],
                        [
                            "ConEd",
                            5
                        ],
                        [
                            "ConEd",
                            5
                        ],
                        [
                            "ConEd",
                            5
                        ]
                    ],
                    "longest_values": [
                        [
                            "ConEd",
                            5
                        ],
                        [
                            "ConEd",
                            5
                        ],
                        [
                            "ConEd",
                            5
                        ],
                        [
                            "ConEd",
                            5
                        ],
                        [
                            "ConEd",
                            5
                        ]
                    ],
                    "average_length": 5.0
                }
            ],
            "semantic_types": []
        }
    ],