{
    "dataset_name": "uedp-fegm",
    "columns": [
        {
            "column_name": "Zip Code",
            "number_non_empty_cells": 1015,
            "number_empty_cells": 0,
            "number_distinct_values": 231,
            "frequent_values": [
                "11432(40.71311535449, -73.792820999789)",
                "11377(40.745193764481, -73.90484714408)",
                "11427(40.729310574324, -73.750676021281)",
                "11370(40.75935377086, -73.8918440004)",
                "11423(40.717222295672, -73.76714149998)"
            ],
            "data_type": [
                {
                    "type": "INTEGER",
                    "count": 51,
                    "max_value": 11696,
                    "min_value": 10300,
                    "mean": 11323.43137254902,
                    "stddev": 264.69044108920605
                },
                {
                    "type": "TEXT",
                    "count": 964,
                    "shortest_values": [
                        [
                            "11370(40.75935377086, -73.8918440004)",
                            37
                        ],
                        [
                            "11370(40.75935377086, -73.8918440004)",
                            37
                        ],
                        [
                            "11370(40.75935377086, -73.8918440004)",
                            37
                        ],
                        [
                            "11370(40.75935377086, -73.8918440004)",
                            37
                        ],
                        [
                            "11370(40.75935377086, -73.8918440004)",
                            37
                        ]
                    ],
                    "longest_values": [
                        [
                            "11109(40.744414792409, -73.957702346686)",
                            40
                        ],
                        [
                            "11429(40.709913120494, -73.738640316098)",
                            40
                        ],
                        [
                            "11226(40.646505002304, -73.957190099144)",
                            40
                        ],
                        [
                            "10314(40.596490302985, -74.165991118795)",
                            40
                        ],
                        [
                            "11223(40.596939623165, -73.973311472047)",
                            40
                        ]
                    ],
                    "average_length": 39.79979253112033
                }
            ],
            "semantic_types": []
        },
        {
            "column_name": "Building type (service class",
            "number_non_empty_cells": 1015,
            "number_empty_cells": 0,
            "number_distinct_values": 7,
            "frequent_values": [
                "Commercial",
                "Residential",
                "Small residential",
                "Institutional",
                "Large residential"
            ],
            "data_type": [
                {
                    "type": "TEXT",
                    "count": 1015,
                    "shortest_values": [
                        [
                            "Commercial",
                            10
                        ],
                        [
                            "Commercial",
                            10
                        ],
                        [
                            "Commercial",
                            10
                        ],
                        [
                            "Commercial",
                            10
                        ],
                        [
                            "Commercial",
                            10
                        ]
                    ],
                    "longest_values": [
                        [
                            "Large residential",
                            17
                        ],
                        [
                            "Small residential",
                            17
                        ],
                        [
                            "Small residential",
                            17
                        ],
                        [
                            "Large residential",
                            17
                        ],
                        [
                            "Small residential",
                            17
                        ]
                    ],
                    "average_length": 12.432512315270936
                }
            ],
            "semantic_types": []
        },
        {
            "column_name": " Consumption (therms) ",
            "number_non_empty_cells": 1005,
            "number_empty_cells": 10,
            "number_distinct_values": 1006,
            "frequent_values": [
                "",
                "470",
                "647",
                "33762",
                "32125"
            ],
            "data_type": [
                {
                    "type": "INTEGER",
                    "count": 1005,
                    "max_value": 42747652,
                    "min_value": 1,
                    "mean": 2750243.6577114426,
                    "stddev": 4295123.682071194
                }
            ],
            "semantic_types": []
        },
        {
            "column_name": " Consumption (GJ) ",
            "number_non_empty_cells": 1005,
            "number_empty_cells": 10,
            "number_distinct_values": 1000,
            "frequent_values": [
                "",
                "219",
                "2307",
                "119",
                "187"
            ],
            "data_type": [
                {
                    "type": "INTEGER",
                    "count": 1005,
                    "max_value": 4510117,
                    "min_value": 0,
                    "mean": 290166.10447761195,
                    "stddev": 453159.60935834626
                }
            ],
            "semantic_types": []
        },
        {
            "column_name": "Utility/Data Source",
            "number_non_empty_cells": 1015,
            "number_empty_cells": 0,
            "number_distinct_values": 2,
            "frequent_values": [
                "ConEd",
                "National Grid"
            ],
            "data_type": [
                {
                    "type": "TEXT",
                    "count": 1015,
                    "shortest_values": [
                        [
                            "ConEd",
                            5
                        ],
                        [
                            "ConEd",
                            5
                        ],
                        [
                            "ConEd",
                            5
                        ],
                        [
                            "ConEd",
                            5
                        ],
                        [
                            "ConEd",
                            5
                        ]
                    ],