{
    "dataset_name": "6z8x-wfk4",
    "columns": [
        {
            "column_name": "COURT_INDEX_NUMBER",
            "number_non_empty_cells": 59210,
            "number_empty_cells": 0,
            "number_distinct_values": 55205,
            "frequent_values": [
                "7997/18",
                "67381/17",
                "60936/17",
                "58128/16",
                "B009234/16"
            ],
            "data_type": [
                {
                    "type": "INTEGER",
                    "count": 88,
                    "max_value": 811471,
                    "min_value": 52108,
                    "mean": 119179.47727272728,
                    "stddev": 169296.94421415136
                },
                {
                    "type": "TEXT",
                    "count": 59122,
                    "shortest_values": [
                        [
                            "46/17",
                            5
                        ],
                        [
                            "94/17",
                            5
                        ],
                        [
                            "17/19",
                            5
                        ],
                        [
                            "38/17",
                            5
                        ],
                        [
                            "30/18",
                            5
                        ]
                    ],
                    "longest_values": [
                        [
                            "809100/2016",
                            11
                        ],
                        [
                            "806196/2017",
                            11
                        ],
                        [
                            "808011/2017",
                            11
                        ],
                        [
                            "104533/2014",
                            11
                        ],
                        [
                            "805335/2017",
                            11
                        ]
                    ],
                    "average_length": 8.443946415885796
                }
            ],
            "semantic_types": []
        },
        {
            "column_name": "DOCKET_NUMBER",
            "number_non_empty_cells": 59210,
            "number_empty_cells": 0,
            "number_distinct_values": 54046,
            "frequent_values": [
                "097179",
                "069222",
                "097366",
                "095981",
                "068537"
            ],
            "data_type": [
                {
                    "type": "INTEGER",
                    "count": 59210,
                    "max_value": 493400,
                    "min_value": 103,
                    "mean": 155122.82193886169,
                    "stddev": 149442.55780837606
                }
            ],
            "semantic_types": []
        },
        {
            "column_name": "EVICTION_ADDRESS",
            "number_non_empty_cells": 59210,
            "number_empty_cells": 0,
            "number_distinct_values": 36745,
            "frequent_values": [
                "541 WEST 29TH STREET",
                "40 RICHMAN PLAZA",
                "20 RICHMAN PLAZA",
                "10 RICHMAN PLAZA",
                "30 RICHMAN PLAZA"
            ],
            "data_type": [
                {
                    "type": "TEXT",
                    "count": 59210,
                    "shortest_values": [
                        [
                            "10 AVE D",
                            8
                        ],
                        [
                            "10 AVE D",
                            8
                        ],
                        [
                            "154 AVE D",
                            9
                        ],
                        [
                            "170 AVE D",
                            9
                        ],
                        [
                            "178 AVE D",
                            9
                        ]
                    ],
                    "longest_values": [
                        [
                            "726 LYDIG AVENUE IN THE BUILDING KNOWN AS 724-48 LYDIG AVENUE A/K/A 2128-32 CRUGER AVENUE A/K/A 2127",
                            100
                        ],
                        [
                            "949 SOUTHERN BOULEVARD - 2500 SQUARE FEET ON THE GROUND FLOOR AND CERTAIN BASEMENT SPACE CONNECTED T",
                            100
                        ],
                        [
                            "1848 SECOND AVENUE FIRST FLOOR EXCLUDING THE BUILDING EXTENSION IN THE REAR OF THE FIRST FLOOR EXECP",
                            100
                        ],
                        [
                            "129-40 135TH STREET ENTIRE HOUSE PLUS DETACHED GARAGE; CONSISTING OF NINE(9) ROOMS ON THREE(3) FLOOR",
                            100
                        ],
                        [
                            "555 MADISON AVENUE STORE MEZZANINE PORTION OF THE BASEMENT AND SUB-CELLAR BASEMENT (KNOWN AS ROOM 6/",
                            100
                        ]
                    ],
                    "average_length": 20.808005404492484
                }
            ],
            "semantic_types": []
        },
        {
            "column_name": "EVICTION_APT_NUM",
            "number_non_empty_cells": 49461,
            "number_empty_cells": 9749,
            "number_distinct_values": 6027,
            "frequent_values": [
                "",
                "2",
                "1",
                "3",
                "BASEMENT"
            ],
            "data_type": [
                {
                    "type": "INTEGER",
                    "count": 7918,
                    "max_value": 5103,
                    "min_value": 0,
                    "mean": 159.26433442788584,
                    "stddev": 415.7956547272069
                },
                {
                    "type": "REAL",
                    "count": 6,
                    "max_value": 100000.0,
                    "min_value": 1e-07,
                    "mean": 17686.083333416667,
                    "stddev": 36876.426549108226
                },
                {
                    "type": "TEXT",
                    "count": 41537,
                    "shortest_values": [
                        [
                            "S",
                            1
                        ],
                        [
                            "F",
                            1
                        ],
                        [
                            "*",
                            1
                        ],
                        [
                            "-",
                            1
                        ],
                        [
                            "*",
                            1
                        ]
                    ],
                    "longest_values": [
                        [
                            "OF THE YARD AND PART",
                            20
                        ],
                        [
                            "STOREFRONT, GROUND F",
                            20
                        ],
                        [
                            "A PORTION OF THE GRO",
                            20
                        ],
                        [
                            "2ND FL SOUTH EAST RM",
                            20
                        ],
                        [
                            "FRONT RIGHT ROOM/TOP",
                            20
                        ]
                    ],