{
    "dataset_name": "w5ea-ydu3",
    "columns": [
        {
            "column_name": "CASE_NUMBER",
            "number_non_empty_cells": 28456,
            "number_empty_cells": 0,
            "number_distinct_values": 4348,
            "frequent_values": [
                "ER0000004525",
                "23441",
                "20469",
                "ER0000000586",
                "ER0000003591"
            ],
            "data_type": [
                {
                    "type": "INTEGER",
                    "count": 12628,
                    "max_value": 24092,
                    "min_value": 15480,
                    "mean": 21014.63121634463,
                    "stddev": 2396.2648190704426
                },
                {
                    "type": "TEXT",
                    "count": 15828,
                    "shortest_values": [
                        [
                            "ER0000000224",
                            12
                        ],
                        [
                            "ER0000000224",
                            12
                        ],
                        [
                            "ER0000000225",
                            12
                        ],
                        [
                            "ER0000000225",
                            12
                        ],
                        [
                            "ER0000000225",
                            12
                        ]
                    ],
                    "longest_values": [
                        [
                            "ER00000002049",
                            13
                        ],
                        [
                            "ER00000002049",
                            13
                        ],
                        [
                            "ER00000002049",
                            13
                        ],
                        [
                            "ER00000002049",
                            13
                        ],
                        [
                            "ER00000002049",
                            13
                        ]
                    ],
                    "average_length": 12.00037907505686
                }
            ],
            "semantic_types": []
        },
        {
            "column_name": "ISSUE_DATE",
            "number_non_empty_cells": 28456,
            "number_empty_cells": 0,
            "number_distinct_values": 26,
            "frequent_values": [
                "08/30/2019",
                "07/11/2019",
                "05/17/2019",
                "08/12/2019",
                "08/19/2019"
            ],
            "data_type": [
                {
                    "type": "DATE/TIME",
                    "count": 28456,
                    "max_value": "08/30/2019, 00:00:00",
                    "min_value": "04/08/2019, 00:00:00"
                }
            ],
            "semantic_types": []
        },
        {
            "column_name": "CHECK_NUMBER",
            "number_non_empty_cells": 28456,
            "number_empty_cells": 0,
            "number_distinct_values": 3848,
            "frequent_values": [
                "ACH",
                "2001554",
                "2002004",
                "2001000",
                "1900495"
            ],
            "data_type": [
                {
                    "type": "INTEGER",
                    "count": 26545,
                    "max_value": 2002209,
                    "min_value": 1900011,
                    "mean": 1977343.7737050292,
                    "stddev": 42816.830593859995
                },
                {
                    "type": "TEXT",
                    "count": 1911,
                    "shortest_values": [
                        [
                            "ACH",
                            3
                        ],
                        [
                            "ACH",
                            3
                        ],
                        [
                            "ACH",
                            3
                        ],
                        [
                            "ACH",
                            3
                        ],
                        [
                            "ACH",
                            3
                        ]
                    ],
                    "longest_values": [
                        [
                            "ACH",
                            3
                        ],
                        [
                            "ACH",
                            3
                        ],
                        [
                            "ACH",
                            3
                        ],
                        [
                            "ACH",
                            3
                        ],
                        [
                            "ACH",
                            3
                        ]
                    ],
                    "average_length": 3.0
                }
            ],
            "semantic_types": []
        },
        {
            "column_name": "BBL",
            "number_non_empty_cells": 28456,
            "number_empty_cells": 0,
            "number_distinct_values": 9284,
            "frequent_values": [
                "2-02663-0050",
                "3-00379-0012",
                "1-02179-0170",
                "2-04098-0006",
                "3-08262-0064"
            ],
            "data_type": [
                {
                    "type": "TEXT",
                    "count": 28456,
                    "shortest_values": [
                        [
                            "2-04417-1001",
                            12
                        ],
                        [
                            "3-05007-0047",
                            12
                        ],
                        [
                            "3-05007-0047",
                            12
                        ],
                        [
                            "2-04310-0035",
                            12
                        ],
                        [
                            "1-01125-1244",
                            12
                        ]
                    ],
                    "longest_values": [
                        [
                            "2-04417-1001",
                            12
                        ],
                        [
                            "3-05007-0047",
                            12
                        ],
                        [
                            "3-05007-0047",
                            12
                        ],
                        [
                            "2-04310-0035",
                            12
                        ],
                        [
                            "1-01125-1244",
                            12
                        ]
                    ],
                    "average_length": 12.0
                }
            ],
            "semantic_types": []
        },
        {
            "column_name": "REFUND_YEAR",
            "number_non_empty_cells": 28456,
            "number_empty_cells": 0,
            "number_distinct_values": 27,
            "frequent_values": [
                "2019",
                "2018",
                "2020",
                "2017",
                "2016"
            ],
            "data_type": [
                {
                    "type": "INTEGER",
                    "count": 28456,
                    "max_value": 2020,
                    "min_value": 1994,
                    "mean": 2018.3957337644083,
                    "stddev": 2.103157743403787
                }
            ],