{
    "dataset_name": "hdnu-nbrh",
    "columns": [
        {
            "column_name": "Year",
            "number_non_empty_cells": 39,
            "number_empty_cells": 0,
            "number_distinct_values": 39,
            "frequent_values": [
                "2012",
                "1985",
                "1994",
                "1995",
                "1992"
            ],
            "data_types": [
                {
                    "type": "INTEGER",
                    "count": 39,
                    "max_value": 2018,
                    "min_value": 1980,
                    "mean": 1999.0,
                    "stddev": 11.254628677422755
                }
            ]
        },
        {
            "column_name": "Property",
            "number_non_empty_cells": 39,
            "number_empty_cells": 0,
            "number_distinct_values": 39,
            "frequent_values": [
                "3196210196",
                "8245584830",
                "16369446933",
                "20202022324",
                "5942929260"
            ],
            "data_types": [
                {
                    "type": "INTEGER",
                    "count": 39,
                    "max_value": 26407629785,
                    "min_value": 3196210196,
                    "mean": 10643925921.76923,
                    "stddev": 6365120514.569905
                }
            ]
        },
        {
            "column_name": "Personal Income, Total",
            "number_non_empty_cells": 39,
            "number_empty_cells": 0,
            "number_distinct_values": 39,
            "frequent_values": [
                "13411314750",
                "1815595083",
                "1546639083",
                "8647777385",
                "7200059891"
            ],
            "data_types": [
                {
                    "type": "INTEGER",
                    "count": 39,
                    "max_value": 13411314750,
                    "min_value": 879294718,
                    "mean": 5522150591.256411,
                    "stddev": 3433184016.0230107
                }
            ]
        },
        {
            "column_name": "Less: Transfers to Debt Service Funds and Adjustments",
            "number_non_empty_cells": 39,
            "number_empty_cells": 0,
            "number_distinct_values": 13,
            "frequent_values": [
                "0",
                "-350000000",
                "-138273000",
                "-407442000",
                "-247113000"
            ],
            "data_types": [
                {
                    "type": "INTEGER",
                    "count": 39,
                    "max_value": 0,
                    "min_value": -684607000,
                    "mean": -95705102.56410256,
                    "stddev": 183712063.5785717
                }
            ]
        },
        {
            "column_name": "Personal Income, General Fund Revenue",
            "number_non_empty_cells": 39,
            "number_empty_cells": 0,
            "number_distinct_values": 39,
            "frequent_values": [
                "3601526628",
                "2537563634",
                "1331014364",
                "13411314750",
                "11294668667"
            ],
            "data_types": [
                {
                    "type": "INTEGER",
                    "count": 39,
                    "max_value": 13411314750,
                    "min_value": 879294718,
                    "mean": 5426445488.692307,
                    "stddev": 3402431209.3702264
                }
            ]
        },
        {
            "column_name": "General Sales",
            "number_non_empty_cells": 39,
            "number_empty_cells": 0,
            "number_distinct_values": 39,
            "frequent_values": [
                "2222942087",
                "1311348075",
                "7166843265",
                "4644538885",
                "3373354384"
            ],
            "data_types": [
                {
                    "type": "INTEGER",
                    "count": 39,
                    "max_value": 7460489693,
                    "min_value": 1142245558,
                    "mean": 3658205566.0,
                    "stddev": 1801779125.33282
                }
            ]
        },
        {
            "column_name": "General Corporation",
            "number_non_empty_cells": 39,
            "number_empty_cells": 0,
            "number_distinct_values": 39,
            "frequent_values": [
                "1122943444",
                "2845794035",
                "2403987967",
                "3335916960",
                "851489807"
            ],
            "data_types": [
                {
                    "type": "INTEGER",
                    "count": 39,
                    "max_value": 4101887263,
                    "min_value": 532872360,
                    "mean": 1999976326.1538463,
                    "stddev": 1050436125.426612
                }
            ]
        },
        {
            "column_name": "Financial Corporation",
            "number_non_empty_cells": 39,
            "number_empty_cells": 0,
            "number_distinct_values": 39,
            "frequent_values": [
                "469126133",
                "434121290",
                "1387976925",
                "366919875",
                "204914820"
            ],
            "data_types": [
                {
                    "type": "INTEGER",
                    "count": 39,
                    "max_value": 1658179166,
                    "min_value": 106574386,
                    "mean": 613975503.6923077,
                    "stddev": 445193988.0357392
                }
            ]
        },
        {
            "column_name": "Unincorporated Business Income",
            "number_non_empty_cells": 39,
            "number_empty_cells": 0,
            "number_distinct_values": 39,
            "frequent_values": [
                "975704675",
                "97673358",
                "356500238",
                "606801826",
                "1894020944"
            ],
            "data_types": [
                {
                    "type": "INTEGER",
                    "count": 39,
                    "max_value": 2269383550,
                    "min_value": 97673358,
                    "mean": 940236955.8461539,
                    "stddev": 707121420.5447012
                }
            ]
        },
        {
            "column_name": "Mortgage Recording",
            "number_non_empty_cells": 39,
            "number_empty_cells": 0,
            "number_distinct_values": 39,
            "frequent_values": [
                "1233735925",
                "169579079",
                "231990768",
                "252499899",
                "406699428"
            ],
            "data_types": [
                {
                    "type": "INTEGER",
                    "count": 39,
                    "max_value": 1569640288,
                    "min_value": 33270587,
                    "mean": 490924892.1282051,
                    "stddev": 436311845.1488202
                }
            ]
        },
        {
            "column_name": "Commercial Rent",
            "number_non_empty_cells": 39,
            "number_empty_cells": 0,
            "number_distinct_values": 39,
            "frequent_values": [
                "717905282",
                "281507195",
                "403094574",
                "365834761",
                "434830982"
            ],
            "data_types": [
                {
                    "type": "INTEGER",
                    "count": 39,
                    "max_value": 921373697,
                    "min_value": 218814717,
                    "mean": 558722881.6666666,