{
    "dataset_name": "hg3c-2jsy",
    "columns": [
        {
            "column_name": "School_Year",
            "number_non_empty_cells": 18248,
            "number_empty_cells": 0,
            "number_distinct_values": 4,
            "frequent_values": [
                "2017-2018",
                "2018-2019",
                "2016-2017",
                "2015-2016"
            ],
            "data_types": [
                {
                    "type": "TEXT",
                    "count": 18248,
                    "shortest_values": [
                        "2016-2017",
                        "2017-2018",
                        "2015-2016",
                        "2018-2019"
                    ],
                    "longest_values": [
                        "2018-2019",
                        "2015-2016",
                        "2017-2018",
                        "2016-2017"
                    ],
                    "average_length": 9.0
                }
            ]
        },
        {
            "column_name": "OPT_Code",
            "number_non_empty_cells": 18248,
            "number_empty_cells": 0,
            "number_distinct_values": 4909,
            "frequent_values": [
                "31009",
                "15497",
                "13895",
                "75616",
                "13890"
            ],
            "data_types": [
                {
                    "type": "INTEGER",
                    "count": 16447,
                    "max_value": 75999,
                    "min_value": 1001,
                    "mean": 20107.37617802639,
                    "stddev": 17483.120235444163
                },
                {
                    "type": "TEXT",
                    "count": 1801,
                    "shortest_values": [
                        "C008",
                        "S016",
                        "S015",
                        "S014",
                        "S010"
                    ],
                    "longest_values": [
                        "E052A",
                        "S161B",
                        "C165A",
                        "S811B",
                        "C265B"
                    ],
                    "average_length": 4.052748473070516
                }
            ]
        },
        {
            "column_name": "Name",
            "number_non_empty_cells": 18248,
            "number_empty_cells": 0,
            "number_distinct_values": 4673,
            "frequent_values": [
                "FAMILY WELCOME CENTER",
                "UNITED TALMUDICAL ACADEMY",
                "IMMACULATE CONCEPTION SCH",
                "PS 48",
                "PS 18"
            ],
            "data_types": [
                {
                    "type": "TEXT",
                    "count": 18248,
                    "shortest_values": [
                        "SOS",
                        "PS 8",
                        "PS 7",
                        "AMAC",
                        "PS 4"
                    ],
                    "longest_values": [
                        "New York Center for Child Development- Grand Street Settlement, Inc. ACS Headstart",
                        "Sensory Motor Integration & Language Enrichment Therapeutic Services Smile Center",
                        "Queens County Educators for Tomorrow, Inc. Early Leaning Center 2 @ Starlight",
                        "Liberty Resources Psychology, Physical, Occupational and Speech Therapy PLLC",
                        "SUNSHINE DEVELOPMENTAL SCHOOL COMMITTEE FOR EARLY CHILDHOOD DV HEAD START"
                    ],
                    "average_length": 20.504384042086805
                }
            ]
        },
        {
            "column_name": "Affiliation",
            "number_non_empty_cells": 16447,
            "number_empty_cells": 1801,
            "number_distinct_values": 8,
            "frequent_values": [
                "Public",
                "Nonsectarian",
                "Yeshiva",
                "Charter",
                "Parochial"
            ],
            "data_types": [
                {
                    "type": "TEXT",
                    "count": 16447,
                    "shortest_values": [
                        "Public",
                        "Charter",
                        "Yeshiva",
                        "Parochial",
                        "Christian"
                    ],
                    "longest_values": [
                        "Non-NYC Public",
                        "Other Religion",
                        "Nonsectarian",
                        "Christian",
                        "Parochial"
                    ],
                    "average_length": 7.219918526174986
                }
            ]
        },
        {
            "column_name": "Site_Type",
            "number_non_empty_cells": 18248,
            "number_empty_cells": 0,
            "number_distinct_values": 3,
            "frequent_values": [
                "School",
                "Pre-K/EI Site",
                "Office"
            ],
            "data_types": [
                {
                    "type": "TEXT",
                    "count": 18248,
                    "shortest_values": [
                        "School",
                        "Office",
                        "Pre-K/EI Site"
                    ],
                    "longest_values": [
                        "Pre-K/EI Site",
                        "Office",
                        "School"
                    ],
                    "average_length": 6.69087023235423
                }
            ]
        },
        {
            "column_name": "Street_Address",
            "number_non_empty_cells": 18248,
            "number_empty_cells": 0,
            "number_distinct_values": 4021,
            "frequent_values": [
                "1980 LAFAYETTE AVENUE",
                "3000 EAST TREMONT AVENUE",
                "99 TERRACE VIEW AVENUE",
                "800 EAST GUN HILL ROAD",
                "6565 FLATLANDS AVENUE"
            ],
            "data_types": [
                {
                    "type": "TEXT",
                    "count": 18248,
                    "shortest_values": [
                        "411 46 ST",
                        "4 Fern Pl",
                        "WILMOT RD",
                        "ROUTE 172",
                        "675 4 AVE"
                    ],
                    "longest_values": [
                        "BUILDING 350 JFK INTERNATIONAL AIRPORT",
                        "28-11 QUEENS PLAZA NORTH  5TH FLOOR",
                        "10 SOUTH ST,BATTERY MARITIME SLIP 7",
                        "100-00 BEACH CHANNEL DRIVE  ROOM D1",
                        "1 Metrotech Center North Suite 1004"
                    ],
                    "average_length": 18.891111354669004
                }
            ]
        },
        {
            "column_name": "City",
            "number_non_empty_cells": 18248,
            "number_empty_cells": 0,
            "number_distinct_values": 9,
            "frequent_values": [
                "Brooklyn",
                "Manhattan",
                "Queens",
                "Bronx",
                "Staten Island"
            ],
            "data_types": [
                {
                    "type": "TEXT",
                    "count": 18248,
                    "shortest_values": [
                        "Bronx",
                        "Queens",
                        "Nassau",
                        "Brooklyn",
                        "Manhattan"
                    ],
                    "longest_values": [
                        "Staten Island",
                        "Connecticut",
                        "Westchester",
                        "New Jersey",
                        "Manhattan"
                    ],