{
    "dataset_name": "x3bb-kg5j",
    "columns": [
        {
            "column_name": "School DBN",
            "number_non_empty_cells": 277153,
            "number_empty_cells": 0,
            "number_distinct_values": 1583,
            "frequent_values": [
                "28Q896",
                "19K422",
                "27Q309",
                "03M291",
                "02M260"
            ],
            "data_types": [
                {
                    "type": "TEXT",
                    "count": 277153,
                    "shortest_values": [
                        "01M015",
                        "23K156",
                        "23K155",
                        "23K150",
                        "23K137"
                    ],
                    "longest_values": [
                        "79X695",
                        "10X390",
                        "10X396",
                        "10X397",
                        "10X433"
                    ],
                    "average_length": 6.0
                }
            ]
        },
        {
            "column_name": "Date",
            "number_non_empty_cells": 277153,
            "number_empty_cells": 0,
            "number_distinct_values": 185,
            "frequent_values": [
                "20180905",
                "20180914",
                "20180921",
                "20180913",
                "20180912"
            ],
            "data_types": [
                {
                    "type": "INTEGER",
                    "count": 277153,
                    "max_value": 20190626,
                    "min_value": 20180904,
                    "mean": 20186649.077827048,
                    "stddev": 4555.404318981754
                }
            ]
        },
        {
            "column_name": "Enrolled",
            "number_non_empty_cells": 277153,
            "number_empty_cells": 0,
            "number_distinct_values": 3102,
            "frequent_values": [
                "295",
                "362",
                "412",
                "399",
                "475"
            ],
            "data_types": [
                {
                    "type": "INTEGER",
                    "count": 277153,
                    "max_value": 5955,
                    "min_value": 1,
                    "mean": 596.986170093775,
                    "stddev": 482.9087888648993
                }
            ]
        },
        {
            "column_name": "Absent",
            "number_non_empty_cells": 277153,
            "number_empty_cells": 0,
            "number_distinct_values": 747,
            "frequent_values": [
                "25",
                "27",
                "23",
                "21",
                "26"
            ],
            "data_types": [
                {
                    "type": "INTEGER",
                    "count": 277153,
                    "max_value": 2151,
                    "min_value": 0,
                    "mean": 50.50353775712332,
                    "stddev": 54.32957303798583
                }
            ]
        },
        {
            "column_name": "Present",
            "number_non_empty_cells": 277153,
            "number_empty_cells": 0,
            "number_distinct_values": 3727,
            "frequent_values": [
                "384",
                "322",
                "329",
                "388",
                "284"
            ],
            "data_types": [
                {
                    "type": "INTEGER",
                    "count": 277153,
                    "max_value": 5847,
                    "min_value": 1,
                    "mean": 544.4994028569057,
                    "stddev": 452.9694954205658
                }
            ]
        },
        {
            "column_name": "Released",
            "number_non_empty_cells": 277153,
            "number_empty_cells": 0,
            "number_distinct_values": 482,
            "frequent_values": [
                "0",
                "1",
                "2",
                "3",
                "4"
            ],
            "data_types": [
                {
                    "type": "INTEGER",
                    "count": 277153,
                    "max_value": 5904,
                    "min_value": 0,
                    "mean": 1.9832294797458443,
                    "stddev": 35.11444729853569
                }
            ]
        }
    ],
    "key_column_candidates": []
}