{
    "dataset_name": "xwxx-rnki",
    "columns": [
        {
            "column_name": "School",
            "number_non_empty_cells": 806851,
            "number_empty_cells": 0,
            "number_distinct_values": 1594,
            "frequent_values": [
                "13K412",
                "02M255",
                "22K195",
                "22K198",
                "12X211"
            ],
            "data_types": [
                {
                    "type": "TEXT",
                    "count": 806851,
                    "shortest_values": [
                        "01M015",
                        "22K255",
                        "22K254",
                        "22K251",
                        "22K245"
                    ],
                    "longest_values": [
                        "79X921",
                        "10X414",
                        "10X433",
                        "10X434",
                        "10X435"
                    ],
                    "average_length": 6.0
                }
            ]
        },
        {
            "column_name": "Date",
            "number_non_empty_cells": 806851,
            "number_empty_cells": 0,
            "number_distinct_values": 557,
            "frequent_values": [
                "20081222",
                "20090106",
                "20081201",
                "20081113",
                "20081106"
            ],
            "data_types": [
                {
                    "type": "INTEGER",
                    "count": 806851,
                    "max_value": 20090626,
                    "min_value": 20060905,
                    "mean": 20076667.33672512,
                    "stddev": 9342.45192735258
                }
            ]
        },
        {
            "column_name": "SchoolYear",
            "number_non_empty_cells": 806851,
            "number_empty_cells": 0,
            "number_distinct_values": 3,
            "frequent_values": [
                "20082009",
                "20072008",
                "20062007"
            ],
            "data_types": [
                {
                    "type": "INTEGER",
                    "count": 806851,
                    "max_value": 20082009,
                    "min_value": 20062007,
                    "mean": 20072059.761943653,
                    "stddev": 8160.723392502767
                }
            ]
        },
        {
            "column_name": "Enrolled",
            "number_non_empty_cells": 806851,
            "number_empty_cells": 0,
            "number_distinct_values": 4571,
            "frequent_values": [
                "427",
                "419",
                "428",
                "380",
                "426"
            ],
            "data_types": [
                {
                    "type": "INTEGER",
                    "count": 806851,
                    "max_value": 4685,
                    "min_value": 1,
                    "mean": 658.528910542343,
                    "stddev": 550.1228285402178
                }
            ]
        },
        {
            "column_name": "Present",
            "number_non_empty_cells": 806851,
            "number_empty_cells": 0,
            "number_distinct_values": 4353,
            "frequent_values": [
                "1",
                "406",
                "397",
                "399",
                "402"
            ],
            "data_types": [
                {
                    "type": "INTEGER",
                    "count": 806851,
                    "max_value": 4607,
                    "min_value": 1,
                    "mean": 588.9474872064359,
                    "stddev": 485.9385825601646
                }
            ]
        },
        {
            "column_name": "Absent",
            "number_non_empty_cells": 806851,
            "number_empty_cells": 0,
            "number_distinct_values": 1496,
            "frequent_values": [
                "29",
                "28",
                "27",
                "32",
                "26"
            ],
            "data_types": [
                {
                    "type": "INTEGER",
                    "count": 806851,
                    "max_value": 3511,
                    "min_value": 0,
                    "mean": 67.0803283381938,
                    "stddev": 98.82079213635326
                }
            ]
        },
        {
            "column_name": "Released",
            "number_non_empty_cells": 806851,
            "number_empty_cells": 0,
            "number_distinct_values": 725,
            "frequent_values": [
                "0",
                "18",
                "36",
                "35",
                "1"
            ],
            "data_types": [
                {
                    "type": "INTEGER",
                    "count": 806851,
                    "max_value": 3928,
                    "min_value": 0,
                    "mean": 2.5010949977133325,
                    "stddev": 32.826378418406584
                }
            ]
        }
    ],
    "key_column_candidates": []
}