{
    "dataset_name": "y3hw-z6bm",
    "columns": [
        {
            "column_name": "Filing Agency Case ID",
            "number_non_empty_cells": 765,
            "number_empty_cells": 99,
            "number_distinct_values": 764,
            "frequent_values": [
                "5648161",
                "5198238",
                "LIC # 5590852",
                "5456052",
                "LIC #5624602"
            ],
            "data_types": [
                {
                    "type": "INTEGER",
                    "count": 517,
                    "max_value": 40005445244,
                    "min_value": 195,
                    "mean": 397637555.139265,
                    "stddev": 2293421973.9645863
                },
                {
                    "type": "TEXT",
                    "count": 248,
                    "shortest_values": [
                        "85/16",
                        "603/17",
                        "B02612",
                        "440/18",
                        "441/18"
                    ],
                    "longest_values": [
                        "2003442;2012157;2009122;",
                        "17-00089-enf, 0089psld;",
                        "191/17D;81/18D;116/17D",
                        "Block # 13354 Lot  21",
                        "Dan No. 19-2407-0002"
                    ],
                    "average_length": 10.879032258064516
                }
            ]
        },
        {
            "column_name": "Case Number",
            "number_non_empty_cells": 864,
            "number_empty_cells": 0,
            "number_distinct_values": 864,
            "frequent_values": [
                "180740",
                "192084",
                "180370",
                "180372",
                "181663"
            ],
            "data_types": [
                {
                    "type": "INTEGER",
                    "count": 864,
                    "max_value": 200427,
                    "min_value": 132346,
                    "mean": 184729.67013888888,
                    "stddev": 7401.938427217026
                }
            ]
        },
        {
            "column_name": "Name",
            "number_non_empty_cells": 864,
            "number_empty_cells": 0,
            "number_distinct_values": 860,
            "frequent_values": [
                "Housing Authority",
                "Matter of Coventry, David (07/12/2018)",
                "Department of Transportation",
                "Matter of Hillstrom, Victoria (07/24/2018)",
                "Office of City Clerk / Clerk of the Council v. Williamson, Joy (06/19/2019)"
            ],
            "data_types": [
                {
                    "type": "TEXT",
                    "count": 864,
                    "shortest_values": [
                        "Housing Authority",
                        "Department of Transportation",
                        "Human Resources Administration",
                        "Matter of 26 BNDO LLC (05/24/2019)",
                        "Matter of Marx, Karen (02/01/2019)"
                    ],
                    "longest_values": [
                        "Department of Consumer Affairs v. Smoke BBQ Pit Restaurant and Merrick Blvd BBQ Restaurant & Catering Inc. (06/28/2018)",
                        "Commission on Human Rights / Law Enforcement  Bureau v. Empire State Realty and Management, LLC (05/31/2019)",
                        "Rocco Agostino Landscape & general Contracter Corp. v. Department of Design and Construction (03/12/2018)",
                        "Department of Consumer Affairs v. Alfredo Battaglia and New York Construction 69 Co., Inc (07/10/2018)",
                        "Combined Construction Inc. v. Department of Housing Preservation and Development (01/18/2018)"
                    ],
                    "average_length": 61.398148148148145
                }
            ]
        },
        {
            "column_name": "Type",
            "number_non_empty_cells": 864,
            "number_empty_cells": 0,
            "number_distinct_values": 7,
            "frequent_values": [
                "License",
                "Personnel",
                "Real Estate/Land Use",
                "Forfeiture",
                "Regulatory"
            ],
            "data_types": [
                {
                    "type": "TEXT",
                    "count": 864,
                    "shortest_values": [
                        "License",
                        "Contract",
                        "Personnel",
                        "Forfeiture",
                        "Regulatory"
                    ],
                    "longest_values": [
                        "Real Estate/Land Use",
                        "Discrimination",
                        "Regulatory",
                        "Forfeiture",
                        "Personnel"
                    ],
                    "average_length": 8.471064814814815
                }
            ]
        },
        {
            "column_name": "Category",
            "number_non_empty_cells": 864,
            "number_empty_cells": 0,
            "number_distinct_values": 9,
            "frequent_values": [
                "Taxi & Limousine",
                "Section 75",
                "Administrative Code",
                "Business Integrity Commission",
                "Forfeiture"
            ],
            "data_types": [
                {
                    "type": "TEXT",
                    "count": 864,
                    "shortest_values": [
                        "Loft Board",
                        "Forfeiture",
                        "Section 75",
                        "Section 72",
                        "Taxi & Limousine"
                    ],
                    "longest_values": [
                        "Contract Dispute Resolution Board",
                        "Business Integrity Commission",
                        "Administrative Code",
                        "Marriage License",
                        "Taxi & Limousine"
                    ],
                    "average_length": 16.104166666666668
                }
            ]
        },
        {
            "column_name": "Subcategory",
            "number_non_empty_cells": 859,
            "number_empty_cells": 5,
            "number_distinct_values": 56,
            "frequent_values": [
                "04 - Fitness Drug Use",
                "BI - BIC",
                "X10 - Forefeiture - Vehicles",
                "N1 - Absent without official leave",
                "06 - Fitness Conviction"
            ],
            "data_types": [
                {
                    "type": "TEXT",
                    "count": 859,
                    "shortest_values": [
                        "BI - BIC",
                        "09 - Tort Claim",
                        "LS - LFT - Access",
                        "01 - Susp. Arrest",
                        "07 - Fitness Other"
                    ],
                    "longest_values": [
                        "N2 - Sick leave violations -- excessive absence or use of sick leave",
                        "H3 - Gross negligence -- failure to observe minimal safety standards",
                        "K4 - Insubordination -- failure to obey orders or agency rules",
                        "N5 - Failure to report to agency medical office as ordered",
                        "K1 - Criminal activity off-duty or beyond scope of duties"
                    ],
                    "average_length": 25.267753201396975
                }
            ]
        },
        {
            "column_name": "Opened",
            "number_non_empty_cells": 864,
            "number_empty_cells": 0,
            "number_distinct_values": 365,